61,8.937204065,11.79494627,36.50172307,3.330181023,0.689237525,0.189023506,0.603035126,136,59,394,3
60,12.63539735,19.15141236,36.61891032,3.428995111,0.561056311,0.091367086,0.566671232,155,39,479,1
81,3.660028324,6.226097892,36.17689799,2.819286369,0.417951084,0.227354958,1.422474737,55,30,832,3
119,0.563070222,4.54296794,37.20529265,2.192960715,0.140185794,0.502964986,1.669044761,39,40,602,3
118,0.477377763,0.996209393,37.24811759,2.450138514,0.064471019,0.695604385,1.854075844,10,42,908,3
77,9.024551783,19.67015989,36.80566538,3.728565212,0.672491423,0.133989836,0.628898831,151,47,449,3
83,4.049829831,6.347192454,36.29936167,2.721966825,0.419392057,0.258175946,1.357725482,58,42,504,3
112,1.322308539,3.477925872,37.35204984,2.341349252,0.078561543,0.618456102,1.627408812,9,55,388,3
92,2.205338765,7.237501363,36.08201087,2.673052014,0.463995962,0.276809477,1.304935459,85,34,598,2
89,4.761323109,8.218163988,36.13547687,2.561626854,0.329945113,0.356532585,1.294055027,77,59,663,3
113,1.711516009,4.373812619,37.29063102,2.262272033,0.163289608,0.724800554,1.700162592,6,59,381,3
65,13.15621771,11.7920985,36.54110079,3.328357785,0.712188384,0.108531856,0.686211848,150,35,648,3
79,8.822559147,16.47578491,36.98313813,3.510375407,0.993438423,0.060449879,0.515434066,138,55,906,3
76,14.53603368,16.5048335,36.83655665,3.178928512,0.746304839,0.073416549,0.735478426,119,50,985,1
92,4.716624983,7.724079437,36.46224718,2.786177256,0.313927263,0.310573879,1.287869466,85,47,474,2
62,11.22876149,12.59614099,36.79087421,3.240952043,0.723222636,0.02454114,0.518650274,142,33,370,3
111,1.92396524,2.611146474,37.27658835,2.470800519,0.184229428,0.765233586,1.548997371,40,53,545,3
89,3.228028891,8.307883703,36.31685487,2.691320578,0.422657279,0.362749659,1.013142386,88,39,548,3
79,10.16676393,19.91874545,36.52731077,3.491044822,0.545708275,0.031957112,0.691519175,156,39,432,1
74,8.361096462,16.39747712,36.76687666,3.815586981,0.813722805,5.05E-05,0.881587193,195,39,954,3
105,0.310866608,3.689931911,37.45996737,2.020969007,0.079116422,0.799044493,1.866335985,32,43,469,2
85,2.664105678,5.774056203,36.15118452,2.862192034,0.332989332,0.304846808,1.13460496,97,36,437,3
105,1.210481515,0.48355251,37.23315611,2.218103648,0.170504601,0.687619158,1.819851031,35,50,454,2
108,1.0440029,3.039600292,37.19122185,2.493728308,0.141004252,0.587302038,1.528883149,5,51,891,2
89,3.655038691,8.008822211,36.49932394,2.600592071,0.404643604,0.269237062,1.262946484,93,33,654,3
85,3.060309663,6.069176278,36.285905,2.848693781,0.434739728,0.250963564,1.389824103,52,41,542,3
87,3.793232268,5.710009094,36.32404356,2.931533998,0.358628102,0.290041323,1.114155213,79,44,565,3
82,4.861308189,7.079451066,36.39443505,2.571321719,0.462471009,0.372029462,1.357738564,77,50,961,3
89,3.860328596,7.980964853,36.43052047,2.607845684,0.335128767,0.250675719,1.445775025,80,44,376,3
107,1.882039645,4.356786706,37.25572142,2.282613191,0.001186699,0.564650347,1.512387063,42,32,606,2
113,1.497447271,2.613530016,37.30917669,2.197285849,0.158374853,0.640481279,1.840106452,42,46,893,3
73,12.85215875,15.12713482,36.90653297,3.497257237,0.978317161,0.15053435,0.585570825,170,30,623,1
90,4.953382874,8.594095218,36.04219537,2.697480214,0.403455081,0.367802721,1.364672767,95,46,795,2
111,1.564129043,0.876608392,37.39131039,2.331905053,0.136641662,0.644466019,1.833500766,0,58,569,3
103,0.950794744,2.57120984,37.10414068,2.304285169,0.144599992,0.612152026,1.792725848,15,37,729,2
114,0.656714705,2.466322171,37.45807551,2.477827713,0.185413823,0.57873442,1.61623452,32,45,374,3
63,8.742127957,16.20636952,36.88126284,3.735558198,0.907211784,0.006436881,0.523866895,197,41,961,3
68,10.78140674,10.5258686,36.6276569,3.638354305,0.929590945,0.183396679,0.750209748,112,39,698,3
114,1.075249201,2.584292628,37.45254202,2.394966361,0.181814505,0.565474116,1.762187743,47,39,312,3
68,13.76921007,18.06416674,36.62415924,3.37275272,0.872463113,0.097870625,0.576913288,133,45,920,1
78,10.05867299,10.6225059,36.96106019,3.177116569,0.764172347,0.16071352,0.607726638,127,42,989,3
69,12.59694998,15.64341168,36.92798793,3.894558003,0.824366741,0.145078249,0.77461005,182,39,739,1
79,14.63683272,14.00310899,36.68190105,3.703585059,0.589365618,0.072664697,0.645653723,169,58,948,3
102,1.71509318,2.570852734,37.34174831,2.037624009,0.089801116,0.52846795,1.799730838,38,39,555,2
66,5.767667371,13.10237861,36.75333859,3.584660103,0.533332776,0.130291837,0.74443788,108,42,743,3
75,14.50335467,17.23289948,36.5353341,3.681783121,0.84335833,0.181172113,0.686466066,108,38,604,1
118,0.664150484,0.311218631,37.26093649,2.408723825,0.041288538,0.658232314,1.602004318,33,37,704,3
115,1.174709262,0.156687303,37.05335749,2.274998743,0.118281483,0.508696079,1.786688394,37,33,852,3
88,3.787080487,5.46794566,36.10114038,2.654951114,0.448162518,0.204942876,1.451558641,59,57,634,3
113,0.162179257,3.844839216,37.07065749,2.442378455,0.106044397,0.784541846,1.645180456,23,45,604,3
81,3.264071263,9.462162692,36.0589936,2.854342359,0.369639796,0.220267097,1.193332278,86,59,973,3
97,3.136254345,8.166692909,36.4065756,2.648544327,0.342744231,0.333379054,1.335160033,97,41,346,2
74,13.53040662,15.21002173,36.81065104,3.091371441,0.716307466,0.045460481,0.627112515,111,36,530,1
70,12.4378093,15.90999959,36.7697091,3.427306043,0.986354987,0.112038511,0.626983199,173,34,346,1
71,13.51530805,16.23173243,36.67379594,3.619088565,0.792224452,0.121305101,0.809630107,152,57,888,1
67,10.86001727,12.83327739,36.98907656,3.26315026,0.73481444,0.175473009,0.540031831,170,58,719,3
110,0.142400197,4.436021571,37.38291277,2.098470587,0.124093595,0.738403871,1.944795321,33,45,636,3
69,10.07850073,16.88228042,36.98951468,3.235951789,0.584260638,0.068403765,0.582199511,172,33,641,1
81,3.125123883,6.843620026,36.09726499,2.723705727,0.424927112,0.227830967,1.486406431,63,31,578,3
111,0.269317853,3.836079766,37.30881903,2.41003206,0.120135585,0.78885099,1.813465915,6,33,896,3
97,4.916664113,9.891118343,36.23561167,2.581374554,0.340416863,0.377920279,1.455841502,79,33,442,2
86,3.345664568,6.117136584,36.1548351,2.850312179,0.34483814,0.324345323,1.294868806,70,32,811,3
65,11.967136,19.37339563,36.58272082,3.649189285,0.622119734,0.180716597,0.549749707,177,45,309,1
99,3.064753521,9.770690397,36.42536534,2.64730915,0.301508219,0.259331435,1.140655235,83,44,540,2
92,2.211319958,7.356474143,36.274166,2.546455831,0.375499542,0.263416483,1.268028177,72,45,735,2
77,6.367550236,18.12947702,36.83927101,3.889074917,0.72466803,0.178777953,0.932887061,130,39,468,3
69,12.15164735,19.28245346,36.89848739,3.609297439,0.557926389,0.058296135,0.984421204,115,35,559,1
63,12.07553356,17.34004255,36.64272886,3.297671979,0.734446493,0.00435779,0.894661505,107,47,480,1
63,11.10838657,11.79783831,36.77318425,3.834934149,0.651362398,0.1665303,0.892311642,148,51,609,3
77,10.42942406,17.1761737,36.94026526,3.641042318,0.690172086,0.036925441,0.880017928,167,48,920,1
60,5.910538503,12.51100224,36.6424649,3.647209134,0.580441684,0.186061383,0.777180843,151,54,781,3
60,5.224469672,19.90086375,36.77876219,3.035195002,0.794988802,0.087415752,0.512018848,173,56,996,3
71,10.46091325,19.57813183,36.87382231,3.850118868,0.676997785,0.110872808,0.807702839,156,32,392,1
99,3.058235038,9.106272249,36.26988726,2.652155138,0.387455354,0.213153554,1.472454343,59,42,603,2
79,12.80338248,17.94441201,36.62824026,3.529174453,0.980239876,0.017926909,0.841524949,191,48,765,1
77,13.01214188,14.74755062,36.82255284,3.499914388,0.815636128,0.027606183,0.519331693,130,57,667,3
99,3.845526049,7.279447121,36.01940599,2.517432953,0.3181176,0.270616231,1.003091475,73,40,509,2
110,1.301937144,1.99177661,37.04173465,2.145352428,0.108745347,0.582690611,1.610617674,28,35,428,3
79,9.843681513,15.73862774,36.57369163,3.324576336,0.705044842,0.161642566,0.885079762,187,59,713,3
66,7.434563578,19.88247156,36.97606194,3.563264721,0.849451286,0.160286076,0.86049921,126,35,531,3
85,4.795649846,5.726058434,36.1459518,2.652137325,0.306011662,0.207254647,1.476396414,68,49,958,3
61,12.14842929,13.66517204,36.6138802,3.101837342,0.864466506,0.036113003,0.534824135,183,39,446,3
117,1.830387423,4.491363322,37.48549203,2.333714003,0.194382826,0.7497434,1.63541607,26,39,652,3
90,2.012591482,5.940243766,36.00203029,2.859919231,0.38510686,0.262514945,1.380860446,87,31,350,2
105,0.923057917,1.526321508,37.1111591,2.106462975,0.081837875,0.797535907,1.500426849,23,50,540,2
83,3.371782414,5.743120652,36.20249852,2.551599906,0.406608658,0.219587673,1.395254191,99,42,679,3
117,0.837032773,1.907456466,37.04910444,2.261927804,0.102900433,0.640430613,1.870259182,0,42,985,3
74,6.365669267,10.16639464,36.87577653,3.2384237,0.501003523,0.174486472,0.721894419,166,41,354,3
111,1.074620518,4.616129392,37.29818992,2.485825302,0.027290224,0.670491531,1.899062524,14,31,662,3
87,3.835213718,8.643546242,36.38060576,2.885386344,0.432688879,0.243162237,1.202117878,92,47,925,3
109,0.15789393,2.677683389,37.15626114,2.112696947,0.101162137,0.681826802,1.504886116,36,57,388,2
81,2.698743683,7.254283413,36.04833238,2.667576571,0.401376089,0.346548043,1.09903856,90,37,773,3
110,1.502307407,3.801936911,37.19453035,2.375810275,0.077354042,0.769612049,1.588611192,38,36,572,3
79,14.89316184,11.96510289,36.79336454,3.84294064,0.79327928,0.074454052,0.540114281,147,56,807,3
94,4.882588449,8.575159208,36.37469158,2.717984633,0.321992966,0.253343297,1.129855552,69,51,665,2
119,0.4643571,3.593476936,37.27355566,2.223390582,0.161956805,0.573048578,1.941587985,4,49,970,3
84,4.625176893,9.087913439,36.30078103,2.876593852,0.386663898,0.309475551,1.031035068,93,57,597,3
112,0.119343311,0.846995628,37.39791633,2.000572975,0.056480866,0.675211597,1.797724966,43,41,818,3
61,10.0940187,17.25310576,36.74931223,3.608491087,0.948887034,0.080290202,0.692562535,158,56,534,1
64,5.297719074,15.0414849,36.90211689,3.549921071,0.634818083,0.157233684,0.634858502,109,41,799,3
95,4.153791575,6.087114856,36.13203357,2.874664128,0.335567187,0.249177517,1.008773781,95,54,704,2
82,4.083156358,6.07163881,36.3436882,2.798188309,0.373224596,0.287565162,1.283960252,96,39,601,3
66,12.20676359,16.55834388,36.5775468,3.267996449,0.696588516,0.055985924,0.613905145,131,40,380,1
84,3.696416395,6.129763554,36.45903828,2.59559152,0.458990187,0.393334533,1.363546365,98,33,589,3
104,0.434920687,1.019097469,37.16228214,2.00356501,0.136339694,0.580600335,1.907591616,21,45,488,2
117,0.484344246,3.606270487,37.37755889,2.110499079,0.100199367,0.605060578,1.885953122,19,41,941,3
106,1.55872653,1.17577785,37.37681094,2.432687156,0.175724319,0.735102078,1.704007083,21,46,429,2
96,3.915876197,5.80537089,36.49022445,2.851992961,0.450675509,0.213155341,1.381708907,73,39,362,2
102,1.766115458,2.050821575,37.30716624,2.264116616,0.075776476,0.616344963,1.777732503,43,35,446,2
95,3.340926708,9.925631118,36.17572738,2.822289448,0.3274831,0.213096276,1.435771007,57,30,857,2
65,6.476434926,10.26338702,36.99496157,3.278870849,0.961771378,0.199177255,0.799920611,145,56,406,3
79,13.0624615,17.50166316,36.87359506,3.957235611,0.743308546,0.134833608,0.911938682,111,38,381,1
115,1.372391559,2.255699498,37.20966833,2.036294822,0.001300229,0.65866819,1.708746426,7,39,640,3
113,0.776322896,0.728705879,37.11499481,2.309045312,0.013484773,0.639417127,1.804730793,10,50,793,3
74,7.054232566,11.02814386,36.65628487,3.885584789,0.760925972,0.027130021,0.601249525,165,50,863,3
114,1.232587112,4.369118687,37.25048091,2.165588207,0.199254314,0.606689997,1.71430132,32,38,612,3
67,8.864901061,10.85710093,36.56965293,3.004640825,0.504772146,0.076057578,0.904581902,196,47,834,3
90,3.557747713,9.098965721,36.44018936,2.924870364,0.462426421,0.236542615,1.296938113,64,41,311,2
87,2.267511432,5.51081617,36.45114079,2.81509322,0.352463443,0.255860078,1.305097416,99,34,440,3
102,1.865234034,2.39218419,37.28060283,2.298049264,0.081995945,0.751544807,1.592587969,9,44,694,2
81,4.866235082,9.53406075,36.39468804,2.856163343,0.347027662,0.326780645,1.321636997,69,54,770,3
74,13.50084021,19.48363731,36.68062485,3.518646289,0.889547628,0.112415628,0.996741761,112,35,799,1
116,0.140219279,1.03476576,37.16768714,2.184299348,0.135220929,0.658706402,1.691054235,12,39,416,3
119,1.541050559,0.205023443,37.41465875,2.270498261,0.105563838,0.711373588,1.929779766,13,53,798,3
103,0.301316464,4.393154631,37.02033601,2.403668585,0.136084325,0.771418282,1.948731575,8,30,812,2
99,2.374014366,5.392343059,36.22413857,2.54879877,0.445580477,0.393788142,1.284791479,84,47,512,2
114,0.642039621,1.32662035,37.3261596,2.279505446,0.072482128,0.692446241,1.63561076,40,41,696,3
88,3.784790712,9.203003113,36.01479142,2.681471296,0.463138675,0.362790957,1.424343963,84,54,371,3
76,6.465033405,17.85098009,36.622563,3.737817728,0.727500809,0.197252693,0.789946915,134,56,540,3
112,0.03613327,3.042907989,37.4152298,2.118400885,0.044212751,0.682665855,1.908989638,12,39,784,3
65,9.841642474,14.68081621,36.82248189,3.555634757,0.817044029,0.174799885,0.873153085,169,58,464,3
95,3.373338054,5.081529509,36.08703207,2.74425682,0.464530692,0.255745401,1.261321717,97,43,672,2
101,0.287352873,0.229811485,37.4385799,2.005916418,0.012264197,0.741521648,1.641004168,24,35,317,2
60,6.925188718,17.0940277,36.53070329,3.918934743,0.540537458,0.182846275,0.745403625,122,54,620,3
117,1.300356252,0.635596459,37.25308504,2.26458155,0.102889286,0.670847552,1.509362357,44,46,586,3
100,1.754093849,1.905310734,37.29496159,2.435300421,0.042962813,0.645722407,1.980370911,32,40,856,2
104,0.702152477,4.425420597,37.47744152,2.475053821,0.139788478,0.652880567,1.591344467,12,55,635,2
109,1.812038912,1.79916016,37.0315077,2.300298352,0.024963534,0.738978872,1.820873221,30,37,311,2
63,8.810706764,17.7456025,36.70867074,3.972365485,0.867870225,0.003099983,0.939992846,153,47,506,3
66,12.34492401,18.64968559,36.76817481,3.289049733,0.675657773,0.068577866,0.663339052,110,37,621,1
95,2.921247239,5.933471487,36.41928883,2.870891665,0.486167406,0.233103947,1.072125657,60,42,727,2
100,0.824668431,0.375964239,37.3777886,2.20072691,0.068604755,0.6527325,1.854478402,35,49,433,2
80,2.069268868,8.342625692,36.42255282,2.677313547,0.309206627,0.397355119,1.131849128,89,57,731,3
71,12.38557041,12.93916597,36.7873516,3.415559994,0.558881996,0.066057402,0.862435253,121,42,783,3
101,1.480105993,4.151628403,37.42072534,2.283199847,0.156014787,0.647718538,1.975764918,38,43,336,2
108,0.878208895,3.074586212,37.11549494,2.277898121,0.161578671,0.57712549,1.790161123,36,42,324,2
100,0.700845144,4.972414412,37.2818876,2.41223078,0.145027045,0.755841594,1.586900477,32,58,955,2
93,3.401369278,6.960640735,36.36193552,2.954806898,0.305007267,0.289647769,1.305390678,83,40,981,2
114,0.35154502,3.155684481,37.06162317,2.245655384,0.131036363,0.673738375,1.570000241,44,30,361,3
111,1.816148805,4.068057577,37.48696194,2.204125902,0.066233151,0.508455216,1.724947928,45,33,468,3
76,10.13591276,16.62009565,36.77580143,3.274020717,0.898141219,0.034672202,0.952489917,133,41,659,1
67,5.286101436,19.19876728,36.71537517,3.203495101,0.777832037,0.043781233,0.603011,175,47,584,3
77,10.72993278,19.96825437,36.92950908,3.007670799,0.525277855,0.122015888,0.813128041,155,45,805,1
86,3.389769813,5.450369315,36.49828071,2.775765326,0.440095494,0.281348477,1.273857854,96,52,798,3
112,0.365331989,3.470717075,37.44349315,2.287969084,0.127939276,0.622301327,1.837380417,6,38,941,3
89,2.83806897,8.657628076,36.28928771,2.618738348,0.35243431,0.298230635,1.209618471,57,43,419,3
116,0.238142001,0.815699381,37.16677681,2.457570599,0.155095549,0.597236382,1.543817909,23,56,967,3
94,3.87700799,5.742050617,36.33985431,2.552452193,0.474422082,0.303332099,1.192570368,94,59,419,2
70,5.881800612,13.36859382,36.69884236,3.909709665,0.978003962,0.024076093,0.55955384,185,36,568,3
92,2.725443257,5.178114329,36.13779797,2.846763214,0.385207233,0.30337407,1.458647798,73,53,506,2
88,4.555792247,8.874278987,36.13186709,2.662117063,0.362055567,0.32956176,1.030605753,50,58,949,3
107,1.034311941,2.860688736,37.06494641,2.420340754,0.157391937,0.696941118,1.733095518,29,34,750,2
76,8.718009977,16.18022279,36.78772046,3.394241988,0.653336986,0.081402158,0.786955703,190,30,813,3
97,4.282889953,7.65733748,36.03383758,2.684158253,0.476982691,0.351047306,1.161623392,51,32,898,2
94,2.027282541,7.169040183,36.17948521,2.769544503,0.459354572,0.36848616,1.200615,77,50,454,2
78,11.4121499,10.64437626,36.86691506,3.539090145,0.599291489,0.107904589,0.591498858,149,53,451,3
78,12.23828682,11.86768416,36.86927494,3.479352289,0.72687088,0.170287008,0.854301762,118,40,410,3
95,3.102595844,8.525408154,36.37072588,2.848303194,0.487342712,0.247458855,1.094728227,81,31,311,2
87,3.207255483,7.35954555,36.35836239,2.938153015,0.35444376,0.268415359,1.465369698,59,43,515,3
90,4.972286467,9.117267822,36.37287057,2.604023327,0.475227957,0.305157769,1.444645011,60,41,580,2
81,2.742852197,6.364141925,36.4891243,2.837145753,0.486336199,0.366999004,1.289299245,60,56,441,3
103,1.251732219,3.502534978,37.1265422,2.40478963,0.190064908,0.639571795,1.850533592,28,43,869,2
100,1.588686688,1.79439144,37.47829378,2.496857404,0.183200109,0.525463023,1.666591578,19,41,511,2
89,3.441192765,5.532481585,36.41973577,2.872570774,0.311775321,0.241882918,1.278638782,59,34,630,3
103,1.784051138,4.34591432,37.49895466,2.292591571,0.150238327,0.560801572,1.833764409,26,33,684,2
80,4.492378169,9.692332313,36.43441674,2.934346947,0.312744665,0.369192391,1.303739197,86,31,838,3
92,4.033021324,6.641008753,36.23388813,2.840864219,0.482354909,0.365087383,1.225298565,52,30,415,2
72,8.892597862,18.04926678,36.99050117,3.387822011,0.922549327,0.197683365,0.991915072,132,34,656,3
98,2.048554007,5.382220045,36.29009745,2.56889276,0.308344959,0.275925293,1.311380596,67,57,467,2
80,3.253282015,5.797300489,36.25303695,2.542607043,0.309303699,0.303967073,1.123948486,76,35,786,3
85,4.574793646,9.123409421,36.03925919,2.79130087,0.427999781,0.200171458,1.489959159,72,57,975,3
86,4.984849958,7.336793423,36.36183968,2.747546225,0.386386685,0.282061123,1.252312341,70,37,989,3
91,4.82749979,9.922687296,36.04748875,2.667596718,0.322884136,0.366845765,1.248148546,94,58,596,2
95,2.95739673,5.687466773,36.00881,2.722846444,0.481566886,0.261053308,1.097978411,66,46,476,2
62,8.157853834,17.79842581,36.83542885,3.731739974,0.905905385,0.156647144,0.841091583,196,36,703,3
112,1.138146391,1.013846047,37.14640643,2.346781228,0.184947913,0.553616039,1.541173248,21,57,369,3
89,2.829138036,6.886428622,36.330094,2.66496501,0.475431742,0.221515741,1.01899111,50,44,410,3
75,10.13577402,11.77446147,36.78274314,3.43904326,0.563721528,0.092866531,0.582199653,196,44,403,3
110,1.12128585,3.84364614,37.37890665,2.335343882,0.089826113,0.767192116,1.811289245,37,34,406,3
68,8.205939071,15.71875716,36.86073477,3.550336498,0.893065211,0.056531131,0.591956026,173,47,457,3
87,4.065798562,6.630748586,36.30679209,2.526078615,0.319858669,0.340350954,1.184034853,77,54,663,3
92,4.201780171,8.869902981,36.39233799,2.614083667,0.338506964,0.318002494,1.370542899,72,30,559,2
82,4.150239149,6.498489157,36.08318136,2.573861764,0.36298191,0.318535613,1.179201119,56,42,737,3
101,0.581006494,3.298522411,37.04925754,2.280328427,0.023977174,0.563484598,1.586094264,3,36,636,2
70,9.634035474,18.31053441,36.54944542,3.144732933,0.653228866,0.153173197,0.652879412,170,58,332,3
104,1.097077984,3.939165941,37.32917855,2.25712714,0.017935651,0.692820064,1.577685178,5,34,801,2
82,4.055135527,8.357667645,36.0745211,2.67306427,0.308582455,0.343895379,1.476292991,50,35,992,3
113,0.951140154,4.283491116,37.2759871,2.023388575,0.194854448,0.748594973,1.565797039,16,34,555,3
107,1.669143914,3.297398391,37.02962423,2.478802186,0.029556827,0.723670386,1.818068265,21,49,542,2
85,2.728252614,5.426248709,36.26730634,2.944160963,0.402948899,0.347820571,1.149217469,99,46,822,3
97,2.640347997,9.67302694,36.39830023,2.527833073,0.499788592,0.338985339,1.0801333,87,32,728,2
96,4.211372218,9.437546305,36.11532424,2.542620149,0.362753395,0.331569448,1.184260046,84,46,593,2
96,3.165223502,9.799924541,36.38404495,2.604043607,0.37683783,0.308802458,1.306492931,73,45,714,2
116,1.535212039,2.525789593,37.42721469,2.375544765,0.15571637,0.786920234,1.633233471,26,37,325,3
118,1.544452747,4.632727707,37.03156508,2.313878539,0.028925668,0.651169159,1.577873466,12,30,339,3
104,0.990903383,4.56379116,37.30433617,2.019832705,0.022731194,0.726048668,1.857893848,13,54,899,2
116,1.420343215,3.18000902,37.47309814,2.103500416,0.197807848,0.749286853,1.794486294,14,40,946,3
71,10.16998583,10.9947215,36.8295311,3.56552353,0.505213614,0.040938566,0.888112526,150,34,674,3
77,14.21526856,15.36577018,36.84808676,3.083476105,0.520167994,0.051845639,0.654567146,141,31,625,1
82,2.490697242,5.317448474,36.42725255,2.781973064,0.429819055,0.26144845,1.185977479,97,49,429,3
83,2.25088299,9.022647999,36.22205768,2.882550675,0.302523972,0.205747939,1.085391479,81,35,485,3
112,1.194797782,3.43290464,37.11016051,2.197056692,0.119700683,0.612231721,1.687473859,8,50,359,3
81,2.491070852,7.697575568,36.25403687,2.550157245,0.372666565,0.216951063,1.232370155,67,56,897,3
67,6.538629695,19.76415624,36.62102,3.717692311,0.571578156,0.065802523,0.721013804,184,57,568,3
81,2.471488469,7.795032695,36.33185663,2.531217142,0.474226424,0.237028177,1.112681213,68,50,758,3
117,0.998791198,0.640774923,37.40286791,2.308527123,0.027076409,0.61219981,1.905204966,17,38,303,3
88,3.118331137,6.213471992,36.25873278,2.921680564,0.387253427,0.286668406,1.452675451,64,54,849,3
70,7.619098919,16.07722748,36.78795523,3.39685147,0.995347783,0.176378193,0.874793145,102,43,557,3
97,2.899927645,5.633509225,36.05666704,2.839937407,0.499523367,0.33323902,1.131174075,59,52,880,2
97,3.197992499,8.33117452,36.48383114,2.712826724,0.340044788,0.363472481,1.372099762,53,38,930,2
96,3.214496588,9.907772189,36.07902116,2.83572541,0.347436892,0.300031801,1.400254823,99,40,367,2
79,8.752980754,17.17299152,36.69764423,3.232593599,0.671451322,0.014192927,0.665888755,135,56,639,3
80,2.940231759,9.512267696,36.11442914,2.595484449,0.403799091,0.334502274,1.022166125,71,30,672,3
79,6.950394847,18.43791344,36.90913378,3.986329655,0.640840917,0.063065071,0.951439001,196,31,483,3
91,4.122034878,6.359421226,36.46920647,2.832848774,0.309427862,0.227147506,1.095390785,52,54,309,2
82,2.266805734,6.752973361,36.45569166,2.778333843,0.353099313,0.391411259,1.122157946,61,42,955,3
75,12.40521037,17.64939318,36.75328466,3.814578726,0.918096549,0.072097344,0.700172259,197,36,342,1
116,1.733886992,3.133847309,37.29678388,2.015490477,0.05557888,0.650617294,1.793658586,12,42,660,3
77,8.200931091,17.00385133,36.55687151,3.829068646,0.880503645,0.037261384,0.859582191,118,41,391,3
70,6.889285554,11.57590322,36.61824199,3.365871703,0.896832491,0.147584787,0.962725796,188,58,855,3
77,11.9913883,12.79287496,36.66703945,3.546802026,0.551206562,0.128538883,0.662573723,168,53,860,3
86,3.186801425,7.936599051,36.28497236,2.874883779,0.434075182,0.255361359,1.127821836,97,33,646,3
69,10.43153124,13.06408395,36.84669562,3.044725816,0.742198458,0.097193929,0.580987642,180,38,587,3
107,0.305464789,1.819136468,37.05021478,2.424304378,0.064664021,0.631794892,1.661935975,44,43,335,2
93,3.972850848,7.558315987,36.0142946,2.533003217,0.376748114,0.349949272,1.456613114,99,58,302,2
117,0.283699644,3.458147453,37.16796064,2.130329399,0.191301749,0.733064299,1.893534751,18,57,559,3
92,3.213775499,5.774791165,36.27094825,2.921458792,0.404950788,0.207196719,1.014828623,50,45,668,2
115,1.145333007,0.818185545,37.38843118,2.430359853,0.17784512,0.591222377,1.830367684,16,56,433,3
118,1.932024192,4.735156985,37.34186744,2.398907161,0.035285339,0.716497565,1.809025404,46,43,584,3
62,6.084436178,17.24356935,36.5708576,3.467732271,0.678490903,0.110100828,0.853238244,121,43,626,3
80,3.020832387,5.010056322,36.27735287,2.618977736,0.449121786,0.289269933,1.339300962,77,50,780,3
82,3.15668864,6.716150875,36.40833937,2.983527702,0.392176255,0.364967255,1.34984735,70,53,875,3
116,1.426563445,2.677498577,37.00821803,2.125656479,0.184351049,0.777818412,1.89942523,38,42,758,3
101,0.575668681,0.153120911,37.04705398,2.109420408,0.100711709,0.754259601,1.930983378,49,47,351,2
76,10.00062327,18.89036044,36.72703263,3.277225007,0.958206459,0.077587015,0.751702054,194,49,703,1
76,14.95031225,10.25513549,36.949924,3.003926057,0.682113941,0.033721361,0.87867089,123,41,428,3
117,0.589852268,0.668351244,37.38590911,2.108708417,0.044735042,0.582523036,1.793383382,21,53,925,3
102,1.768341317,3.938543654,37.31294511,2.169021208,0.140134469,0.753091404,1.797415189,47,34,367,2
90,2.93654965,8.72891079,36.10339818,2.889744173,0.460909338,0.364428976,1.236457985,90,40,394,2
89,3.337177656,9.091691678,36.38683489,2.617648881,0.33033809,0.277852693,1.441634174,66,49,905,3
69,9.702121212,11.26791512,36.54016847,3.190849333,0.62762801,0.055253076,0.822633974,174,43,329,3
69,11.28604926,17.30369659,36.68518108,3.213220349,0.51898068,0.097707124,0.787140482,163,33,425,1
110,0.849370317,2.117889645,37.08056145,2.128724494,0.185132715,0.542310803,1.984349773,32,49,414,3
63,11.77321588,16.18037481,36.8527816,3.828822257,0.938834634,0.128527934,0.945003637,102,58,580,1
111,1.338241367,1.293376201,37.36358686,2.008038573,0.030321753,0.573502599,1.886467743,45,42,440,3
68,5.091749942,17.62120975,36.78005257,3.900679387,0.515515516,0.054278137,0.865625829,138,30,954,3
103,0.769758922,3.913674207,37.08030701,2.48804759,0.063013175,0.628677112,1.637372516,11,59,907,2
61,6.496775056,17.45797703,36.59325029,3.235514452,0.896491118,0.018660236,0.718736911,154,31,666,3
60,12.72668735,14.88994881,36.65498657,3.161677346,0.805581681,0.133252261,0.834798608,142,36,514,3
73,8.531876008,12.10766933,36.88607476,3.17688294,0.62687436,0.020128879,0.633937158,121,39,901,3
114,1.743417822,2.568373961,37.29405182,2.185642878,0.133967046,0.629534521,1.880656887,22,43,936,3
97,4.765599307,7.402656716,36.0069904,2.719418369,0.464129636,0.356012185,1.256695037,94,36,549,2
60,14.99871438,16.4417809,36.84713247,3.491454144,0.677244775,0.162590597,0.747466162,150,48,962,1
91,3.723600202,8.713517191,36.28694293,2.597118379,0.418961663,0.351077615,1.069202501,52,38,968,2
64,5.042752022,15.19778486,36.69783575,3.296446511,0.88562861,0.179899977,0.881326545,118,49,862,3
61,14.12629311,11.14638143,36.72819274,3.000286474,0.753231292,0.184848787,0.599551145,135,40,681,3
101,1.941694803,0.648252002,37.44799948,2.345620206,0.051799215,0.770500744,1.714647459,23,55,861,2
69,13.50930827,16.36629118,36.57052332,3.649663163,0.595672381,0.082384526,0.585147792,144,43,854,1
99,3.609116071,7.407804839,36.25074855,2.623843439,0.43703224,0.340852657,1.178983913,71,37,547,2
78,9.999801761,16.69470899,36.64047391,3.522954455,0.675050069,0.064227808,0.623484424,103,38,410,3
81,4.896331961,5.623058382,36.2401036,2.542514108,0.304533064,0.384535464,1.405192397,86,52,593,3
91,3.941713163,9.236711629,36.19540028,2.776375917,0.455262131,0.216959603,1.429322734,91,57,715,2
103,1.364574244,0.676812309,37.07144397,2.377671008,0.144253659,0.61340923,1.538711132,4,31,963,2
97,3.823616033,7.397719637,36.12274205,2.581775856,0.447416872,0.383262975,1.053773131,91,57,990,2
83,3.855020952,5.64792865,36.00104032,2.965765901,0.410978875,0.385388133,1.166915762,89,42,815,3
64,10.65808634,19.25354907,36.51272045,3.708195938,0.665163845,0.03604673,0.755197811,154,45,729,1
111,0.81632933,2.044057062,37.15877907,2.074272576,0.000874736,0.791070519,1.971749615,49,58,863,3
80,4.020962992,5.344287688,36.0588591,2.958055422,0.42601044,0.368636725,1.449134825,97,37,881,3
63,11.56045869,15.15468569,36.63636212,3.658098885,0.682083931,0.140498833,0.84128596,162,56,358,1
109,0.785889878,4.777310718,37.21910464,2.360610458,0.131027295,0.549542029,1.995571387,13,47,425,2
64,10.29238337,17.05076962,36.92312302,3.235494396,0.584733293,0.013701361,0.94856665,124,39,315,1
92,2.794942319,8.306741032,36.30403522,2.554074799,0.431202916,0.384790982,1.080554953,97,54,615,2
99,3.378835015,6.435000895,36.17706532,2.514455912,0.496310348,0.324959984,1.250352795,62,40,390,2
78,10.4680613,13.17389574,36.8716929,3.745894739,0.750084615,0.009031668,0.538511243,113,43,797,3
76,13.39068575,17.1948747,36.94846731,3.150398273,0.693870764,0.092822159,0.648831897,102,37,784,1
119,0.609991037,3.089591284,37.13787313,2.025486034,0.18242718,0.764961561,1.985399075,43,56,460,3
106,1.11800614,0.629712082,37.09461766,2.144734844,0.178031273,0.551890857,1.961436587,47,59,549,2
74,10.2679191,16.7247995,36.91791663,3.18422913,0.806775455,0.010422266,0.551057544,139,38,822,1
96,2.660037796,6.520424143,36.06481825,2.624333743,0.464258357,0.327775681,1.474879897,82,43,565,2
113,0.52178461,3.645833514,37.35827427,2.229672602,0.137727924,0.633374271,1.667772798,6,40,470,3
76,14.03321105,19.98694253,36.95964922,3.777892476,0.906184401,0.114748849,0.595076931,171,48,825,1
109,1.662665967,3.231304723,37.28195361,2.186884627,0.027575644,0.787573304,1.730921146,34,44,367,2
83,4.565033027,8.985128717,36.38721429,2.510991353,0.40530377,0.210853674,1.275436289,68,59,715,3
87,3.928238104,6.247609288,36.25365925,2.564776869,0.47431943,0.271579617,1.313022235,67,42,342,3
69,8.643246051,18.49627055,36.88049383,3.220913203,0.706528312,0.039315935,0.977108408,175,45,796,3
101,1.898655557,0.162230869,37.48765059,2.435271232,0.076589482,0.751120773,1.868278991,43,48,604,2
106,1.696458265,4.755214862,37.33106172,2.256334827,0.145146218,0.597908386,1.813193898,23,36,905,2
80,2.420204016,8.580690889,36.21589125,2.944600749,0.362387776,0.208486147,1.324938015,58,49,810,3
94,3.571263033,8.46316408,36.0219687,2.684198685,0.342163384,0.219865228,1.117046318,52,40,446,2
73,9.191162173,14.21465448,36.72179523,3.416534506,0.663282727,0.057267889,0.940979838,126,36,860,3
107,1.426506063,3.850196578,37.31752554,2.118597176,0.174809183,0.71963594,1.870935243,47,59,557,2
94,4.487454209,9.757027579,36.075567,2.748863688,0.416113405,0.265855146,1.419701672,86,59,972,2
66,7.808140312,16.24393796,36.68049963,3.830903003,0.981452712,0.187017536,0.581564186,139,50,825,3
96,2.659931242,6.687744066,36.19076942,2.986467406,0.301126656,0.397133205,1.490230818,81,53,561,2
69,6.285515979,13.86542663,36.54277083,3.638010807,0.641213633,0.173218826,0.678898014,146,42,764,3
107,0.551185233,3.383836358,37.36813138,2.121410928,0.10076402,0.745259332,1.68995508,0,45,764,2
102,1.289050271,4.006561324,37.39318197,2.09552258,0.130032707,0.559894406,1.791660239,1,39,363,2
64,5.305419781,10.91242394,36.53851335,3.398361286,0.910794181,0.168811267,0.868489798,136,59,706,3
81,2.174459084,9.260663598,36.36521815,2.849307653,0.367935268,0.275981038,1.479056764,93,42,537,3
104,0.442458124,0.75620125,37.07228043,2.231973595,0.049299117,0.653406693,1.692425869,40,34,412,2
112,1.468230602,2.945699079,37.00636364,2.450822089,0.109128724,0.76058818,1.941368419,40,39,672,3
117,0.639700986,4.307461899,37.45142006,2.445786641,0.161748059,0.745709606,1.786383951,45,41,938,3
61,9.011651603,15.67309631,36.61553881,3.649417174,0.621414772,0.09216256,0.73935995,194,46,883,3
82,3.577463169,9.33391889,36.13126785,2.586167973,0.30360333,0.218772932,1.073735302,53,31,717,3
70,14.11438308,19.37362672,36.97993042,3.491835005,0.765012318,0.026166086,0.568526019,151,43,353,1
66,8.690297564,16.69798728,36.96916489,3.085791088,0.663738193,0.088812947,0.727592689,109,54,498,3
60,5.271613015,17.10104095,36.94241485,3.513904713,0.790554261,0.032587288,0.610322972,135,53,474,3
66,13.0267122,18.93482038,36.74653783,3.356994527,0.903917568,0.134618955,0.520436989,173,34,791,1
60,14.78067309,18.66115378,36.5298692,3.725769016,0.668163306,0.136416541,0.808612293,195,33,676,1
60,13.85053753,13.9923917,36.70044666,3.405351614,0.549047183,0.1950981,0.569253389,199,38,528,3
87,4.18580144,9.823313404,36.39134138,2.649314219,0.428276062,0.334448239,1.499010257,84,31,784,3
99,3.767180342,5.676505361,36.32800385,2.901887025,0.386558585,0.312137016,1.456361042,70,31,400,2
114,1.829116555,2.094353311,37.32826653,2.08277659,0.08698718,0.689449732,1.692701559,23,30,957,3
73,8.534145645,17.10464284,36.65725124,3.119403232,0.655076106,0.086859196,0.627705688,133,36,705,3
103,1.228897885,0.940126189,37.47182504,2.204785451,0.005095887,0.565931575,1.846033742,14,58,543,2
87,3.853118664,7.591773953,36.38063292,2.886315694,0.491987051,0.211403509,1.01949471,67,58,362,3
115,1.024630623,2.408527399,37.37561509,2.140946885,0.043813364,0.777839852,1.785854826,2,48,678,3
70,14.9882606,11.95608996,36.80523776,3.420128079,0.942799547,0.151033718,0.798475698,161,36,872,3
83,3.334002413,9.657888265,36.24776951,2.847112245,0.31385853,0.349030331,1.168998016,64,46,973,3
86,2.440571446,5.928795281,36.16410308,2.945984956,0.373652048,0.344872541,1.041373752,78,34,957,3
103,1.69241554,2.274148862,37.38757138,2.096519371,0.112467265,0.522385717,1.674044516,11,39,643,2
78,12.51070479,15.15295438,36.54324222,3.73536765,0.916614632,0.180706245,0.785995973,177,50,887,1
101,0.31149952,0.821103437,37.03544275,2.159956818,0.094701718,0.799369356,1.715496671,1,36,950,2
90,4.338925467,9.696476368,36.33174932,2.753071625,0.350146396,0.334573592,1.491119878,53,33,634,2
62,5.529787933,10.78388427,36.51038204,3.370834085,0.872900524,0.034551079,0.802926484,111,34,661,3
108,0.32626183,2.285076846,37.40033872,2.145676202,0.102504528,0.680902482,1.725235206,4,57,901,2
115,1.13089847,3.64567192,37.3180215,2.499024011,0.091262027,0.627491712,1.680069933,28,55,332,3
101,0.610458089,0.517669936,37.43851543,2.185883025,0.114523078,0.770113319,1.704050324,39,31,694,2
113,0.862368814,1.963795673,37.49535462,2.306174921,0.073478236,0.577345843,1.519883185,9,58,691,3
75,13.21254164,13.63868461,36.6866646,3.779181006,0.744733328,0.176978954,0.795067878,116,41,769,3
93,2.937192124,6.039761702,36.32709393,2.568019292,0.358019489,0.266261711,1.001646614,55,51,877,2
115,0.444712906,0.584533693,37.07708083,2.417768481,0.136663915,0.645235259,1.954437388,21,51,806,3
102,1.671177218,1.903230733,37.03183167,2.032918871,0.008548921,0.622743627,1.859203139,46,54,823,2
112,1.32150111,1.330739021,37.06473155,2.288767462,0.061270062,0.700047603,1.769990526,35,47,740,3
93,3.803750592,9.146153147,36.30000223,2.805261278,0.402367473,0.277648023,1.228729021,62,49,935,2
72,9.30559464,14.572964,36.749816,3.659314194,0.732979117,0.137235824,0.664593903,179,32,801,3
114,0.657811309,4.822183666,37.08625247,2.120839908,0.09273595,0.739222618,1.865787739,24,38,987,3
82,3.266975973,7.432970877,36.297123,2.625525662,0.332628029,0.279712678,1.041013112,77,50,586,3
87,2.356926978,5.563652661,36.0401089,2.923930645,0.316140979,0.396692407,1.179165647,51,45,729,3
84,4.950479617,7.088026237,36.10602168,2.760770725,0.429759725,0.263035739,1.357384679,70,44,501,3
117,0.87091977,0.019809171,37.24604129,2.127909902,0.011230091,0.77330639,1.661209367,25,52,712,3
81,2.724913844,7.945189458,36.34283919,2.952506973,0.421527599,0.29064636,1.286134676,63,48,316,3
79,10.57247612,16.47603661,36.94929159,3.450189826,0.887666613,0.033506098,0.578098239,137,45,765,1
118,1.264682081,3.72837021,37.14746574,2.311303861,0.037627824,0.565699313,1.533654444,32,59,956,3
110,0.476371411,2.781188629,37.1771201,2.418604955,0.105629576,0.508943217,1.992547643,23,53,520,3
97,3.311767518,6.246589033,36.33822912,2.562948677,0.47164934,0.250122397,1.180726829,86,59,556,2
107,1.876843704,2.552023444,37.23370525,2.336217201,0.05224684,0.597437861,1.966022918,12,36,785,2
62,7.711117619,15.4379019,36.98569813,3.318703899,0.580238238,0.102177202,0.693910544,162,36,931,3
102,0.699606576,2.367484934,37.39273363,2.112664363,0.043426386,0.676769897,1.718028415,45,48,968,2
65,12.59555604,15.83092743,36.52728805,3.084385548,0.601578244,0.028630525,0.664685745,104,31,922,1
111,1.432270126,3.668220326,37.46678116,2.104535643,0.198913114,0.732044361,1.863285354,49,30,566,3
99,4.522501073,7.135079082,36.22568114,2.923896545,0.424286192,0.235881448,1.105506614,51,33,638,2
105,0.986883401,0.314882201,37.47322905,2.382621661,0.146170355,0.551858157,1.801900384,14,59,316,2
77,12.4767177,15.75761884,36.92540633,3.155094271,0.507608265,0.138046667,0.54915573,124,41,676,1
86,2.811604532,8.143156078,36.45870346,2.658237266,0.343428832,0.221312577,1.065231181,58,33,515,3
69,8.955388764,13.37734935,36.59613133,3.180865055,0.660526643,0.19636334,0.546129337,172,56,862,3
96,2.277204298,7.541544334,36.21917783,2.587025165,0.334961579,0.325221815,1.193560669,60,52,813,2
98,3.214857457,7.955237774,36.44270597,2.701079499,0.464132008,0.382950445,1.087033692,72,46,765,2
110,1.594839943,1.236028519,37.35793477,2.406052269,0.071715774,0.550310833,1.545982284,19,35,974,3
91,2.630764308,5.550680143,36.18925063,2.846309346,0.346283419,0.353908843,1.067700634,56,48,780,2
88,3.81731551,5.640123814,36.49824443,2.886422472,0.475440669,0.282860082,1.251064048,62,35,837,3
105,0.56163794,4.854598943,37.27609783,2.134135672,0.026517219,0.776055021,1.681183291,27,47,750,2
106,1.208805663,0.843180558,37.21075527,2.464115534,0.180240715,0.521032938,1.634306596,16,55,916,2
71,12.49983317,12.95543211,36.87899804,3.668715573,0.864111105,0.189648743,0.71230593,136,57,387,3
76,13.07557141,11.91445292,36.9233998,3.057852491,0.503196876,0.03168543,0.989333593,111,44,557,3
63,13.38005076,12.12940526,36.55272472,3.515084943,0.886087842,0.12755613,0.815529666,107,58,652,3
69,11.61519282,13.92110669,36.53487674,3.202142606,0.89700187,0.17918614,0.641410906,105,31,776,3
117,0.652988655,3.364820866,37.26540396,2.192712089,0.029817954,0.506641749,1.609417339,39,36,449,3
105,1.448456475,1.928293449,37.03668919,2.406365025,0.115926114,0.570728454,1.947340587,13,49,364,2
112,1.998965408,0.497678306,37.25320565,2.424666877,0.060130375,0.578212592,1.945396526,10,33,306,3
86,4.297412264,7.86236614,36.21272456,2.872040222,0.493164885,0.245841242,1.071823683,97,37,810,3
95,3.719778711,8.728069526,36.38651595,2.95994709,0.385368558,0.258682182,1.319832133,50,57,566,2
70,6.529957867,14.69426752,36.84545891,3.799283808,0.746663138,0.033047578,0.707343855,128,42,614,3
93,3.521641045,6.206115626,36.39807525,2.542106727,0.404978057,0.241778207,1.033532814,72,39,858,2
83,4.832199948,9.739260365,36.03504915,2.80732284,0.30847053,0.329616215,1.058851531,68,54,492,3
92,2.066986492,8.910658622,36.31794856,2.747684595,0.420526897,0.335650012,1.442228738,85,54,582,2
110,1.661493109,2.49657574,37.35093668,2.283464976,0.117588448,0.599292821,1.731042302,23,37,342,3
89,4.087485546,9.766080153,36.48153206,2.777861435,0.42132445,0.237144237,1.347654054,76,46,610,3
107,1.336726695,1.551550658,37.02492344,2.415935205,0.062066001,0.518931567,1.537394082,3,50,386,2
66,8.216840467,18.04695785,36.586923,3.49287918,0.844018567,0.130398171,0.800564705,173,52,533,3
100,1.785742505,3.198224719,37.12177327,2.193391149,0.194655309,0.758654616,1.507790898,10,51,518,2
117,1.425353129,4.558422179,37.44253044,2.140864796,0.128707096,0.618111627,1.762771868,1,42,749,3
90,2.625026804,8.038231916,36.37947991,2.714870602,0.495536018,0.211445281,1.294580341,96,32,941,2
107,0.631585433,0.923473147,37.46576967,2.334740502,0.182406051,0.791698613,1.748549122,25,32,724,2
69,7.229188617,17.08593308,36.52022286,3.051361073,0.804071471,0.128411429,0.832631462,123,36,333,3
77,7.419529095,19.84953433,36.95160525,3.528673443,0.76507516,0.180253193,0.818072404,198,54,382,3
70,7.207035206,10.47348405,36.62035621,3.345443609,0.916572652,0.073278533,0.877310891,122,35,613,3
99,4.928814801,6.19920779,36.43117081,2.810912043,0.463458852,0.33031718,1.211974754,61,46,321,2
78,6.801933869,13.86509148,36.61901289,3.837505958,0.929167907,0.074405778,0.653689236,110,49,867,3
92,4.782211027,6.915219064,36.0759432,2.589821491,0.43396639,0.281505285,1.078157299,56,37,682,2
65,5.034424989,19.17298047,36.6524306,3.221498145,0.849240405,0.170680544,0.816139384,136,58,990,3
71,10.73605786,15.07820015,36.91969699,3.86576273,0.761130202,0.185452465,0.532368883,101,56,584,1
93,3.062197585,7.321125831,36.16403961,2.702362656,0.464529269,0.31869524,1.498672275,59,33,763,2
94,2.793035353,6.679491351,36.42162974,2.513643825,0.346036256,0.380983684,1.319948218,50,58,326,2
108,0.198192901,4.307493114,37.41858729,2.340659152,0.121181149,0.610061512,1.612041296,24,34,806,2
114,1.709171538,0.405796246,37.4218462,2.146647327,0.130971133,0.512038637,1.804790648,20,44,787,3
66,14.16830576,17.61844809,36.66548921,3.503062183,0.692164611,0.027244655,0.678383291,121,51,394,1
100,1.969808498,3.040311427,37.25038975,2.191109634,0.179734551,0.573189044,1.64288445,31,33,564,2
93,3.786647841,8.045330846,36.10923522,2.825584195,0.453091689,0.271577706,1.400673572,50,50,488,2
82,2.101190322,7.755823007,36.48476328,2.9906223,0.356350516,0.288279818,1.031488954,57,52,989,3
94,2.338311675,9.733836427,36.26510952,2.641463965,0.370043026,0.254139436,1.300904904,57,51,533,2
108,0.920761751,4.132496812,37.21155274,2.12615357,0.196683023,0.59116627,1.661862115,10,49,927,2
110,1.521067976,4.679063792,37.2558975,2.001260881,0.075011789,0.533470698,1.70809383,17,52,651,3
103,0.123568688,2.348759726,37.13318123,2.473984783,0.071979702,0.53003711,1.520745745,9,36,466,2
111,1.693933083,1.562793517,37.28889573,2.365152638,0.079697538,0.519897683,1.614592455,27,45,363,3
114,0.833681319,4.194257921,37.31153552,2.368378173,0.069820823,0.783319309,1.854631047,39,59,309,3
79,14.18684178,15.76404693,36.8531896,3.417035225,0.611846382,0.144711858,0.803911886,167,35,835,1
118,0.416571172,3.969693533,37.4740814,2.445551572,0.064287149,0.621801732,1.90420115,43,39,403,3
65,9.136284181,16.33528717,36.92676572,3.466638364,0.932400684,0.018759667,0.826542111,171,35,942,3
79,7.965344294,18.33908374,36.58291499,3.053149592,0.595801679,0.053547444,0.641155529,117,33,707,3
80,2.78494704,6.195715113,36.44228487,2.887065191,0.314914705,0.36653319,1.01842591,51,53,542,3
88,3.868456769,5.735601725,36.27186948,2.693033967,0.388507443,0.304720115,1.064198086,78,50,747,3
107,1.465111721,0.196489166,37.30230025,2.344496284,0.004075429,0.753157696,1.964142506,23,59,559,2
81,3.996537748,7.903479099,36.42156299,2.642805268,0.458171236,0.262904154,1.393728271,96,45,935,3
115,0.220574137,3.900356993,37.44069893,2.46356456,0.170789234,0.749067229,1.534417926,45,40,884,3
66,9.049457808,10.25291409,36.80144817,3.289696021,0.716473561,0.097693896,0.532256305,182,30,619,3
95,4.137632796,8.228329556,36.09260786,2.603069459,0.350201236,0.235790088,1.3286066,97,57,917,2
75,12.49322172,18.58116383,36.58090448,3.692411959,0.987550868,0.122382778,0.585682183,177,44,762,1
107,1.873438959,2.480174047,37.12303707,2.29100464,0.083986768,0.561784593,1.711838205,37,40,759,2
97,4.122593904,9.446388544,36.14447678,2.764303911,0.373208141,0.200284334,1.289715911,92,56,606,2
70,12.27818407,16.83859725,36.70292605,3.661604882,0.976693036,0.049572559,0.622963297,190,41,356,1
73,14.88693134,17.14648903,36.68368844,3.149186034,0.796012408,0.058980651,0.952754541,158,41,552,1
119,1.123098146,0.280557393,37.30344434,2.265081922,0.104153196,0.705249316,1.522228307,1,51,449,3
68,9.597824418,19.79890971,36.56963924,3.690429757,0.700998069,0.102345305,0.881196953,190,39,836,3
76,5.703307827,14.83309511,36.87103543,3.192551455,0.885457823,0.033362501,0.899619378,192,52,900,3
64,9.084215236,12.32957527,36.93358205,3.161616648,0.815738026,0.184650658,0.837198356,178,32,515,3
115,0.504611062,1.957034164,37.07957952,2.398907033,0.071407069,0.780826021,1.921245432,31,46,876,3
108,0.587493603,4.891701164,37.21868153,2.235919732,0.099719606,0.765231207,1.801964142,35,55,536,2
112,0.15988542,1.896067074,37.45725452,2.17231911,0.142532287,0.530199916,1.722193766,8,32,797,3
92,3.173654495,9.85647456,36.17556891,2.933913957,0.318642294,0.266836768,1.175476662,78,51,387,2
109,1.530808879,0.40755518,37.02019984,2.164997902,0.145985122,0.656526931,1.708500935,28,54,863,2
81,4.16096064,9.055589364,36.06930075,2.743414714,0.349743136,0.233621372,1.367162657,77,45,325,3
85,2.930000034,9.833268357,36.42433978,2.939973371,0.392002419,0.324761453,1.18838387,77,45,934,3
113,1.187961506,1.435721354,37.42397529,2.07555008,0.073425818,0.537471172,1.702416067,6,54,371,3
61,9.708590171,16.67292182,36.97820354,3.660556045,0.791047966,0.169511898,0.816036555,149,33,499,3
119,1.690224826,4.912939058,37.34611694,2.189111453,0.056172133,0.698995353,1.990408291,2,52,395,3
66,8.29103431,14.06953782,36.95313762,3.756866702,0.99070516,0.154952842,0.724257854,198,35,974,3
72,7.553973742,14.35619813,36.75815799,3.096719834,0.871881337,0.021870787,0.702458857,122,33,533,3
92,3.025643966,9.78818147,36.10473422,2.519132072,0.474485309,0.350440543,1.115991919,92,39,871,2
92,3.666408863,6.350972297,36.46869077,2.506386855,0.445187443,0.276247037,1.261272416,80,36,605,2
73,5.151662146,17.29845089,36.85539921,3.6543582,0.93897534,0.180253516,0.77822216,145,58,962,3
69,13.46343059,18.16413424,36.51012431,3.542825217,0.953327785,0.036277597,0.676322461,130,51,874,1
80,2.125658091,6.395088419,36.14742816,2.932936024,0.370423201,0.289443348,1.19036903,51,51,592,3
100,1.081840614,2.381822472,37.32462736,2.163215574,0.010056574,0.621295044,1.991988789,7,46,988,2
86,2.366094546,7.935958502,36.14870696,2.952842243,0.381233953,0.241606719,1.272795885,94,58,420,3
78,10.05520119,17.73426557,36.55179433,3.902798519,0.632258705,0.034120722,0.794628036,190,45,401,1
97,2.329867885,9.562450673,36.3366027,2.772996513,0.374868123,0.226971981,1.353759186,87,42,835,2
72,9.945676245,14.84846187,36.67495585,3.789341895,0.549764892,0.041003845,0.500801384,183,37,737,3
61,11.89688681,14.79026959,36.65087878,3.467832339,0.604814944,0.185017326,0.526986316,100,51,518,3
114,0.930625652,4.591977632,37.39457423,2.14355409,0.169072431,0.535017452,1.51805876,39,56,478,3
104,0.658851373,3.436040931,37.42505191,2.161087753,0.065002764,0.660155312,1.826591801,11,44,548,2
119,1.994149754,4.770953652,37.47026536,2.405563802,0.044122666,0.659789823,1.612151313,46,49,748,3
99,2.122500636,9.847292834,36.45933659,2.690383786,0.40308449,0.293223884,1.441099889,99,41,413,2
111,0.857931951,4.796675841,37.08765546,2.044788169,0.176123766,0.769005797,1.935869544,26,46,605,3
83,3.787504691,5.068070736,36.1624937,2.966146288,0.360809054,0.387965329,1.125066979,90,53,379,3
113,1.523253946,2.50693884,37.44105784,2.020120211,0.184438968,0.55889234,1.942119373,45,51,567,3
63,5.254092384,13.35849868,36.52244656,3.692216062,0.909453557,0.177492785,0.77456409,106,58,388,3
115,0.586331961,3.94512221,37.44269457,2.309067226,0.076647269,0.699753681,1.590449686,18,40,528,3
92,2.050133281,7.48129989,36.30732332,2.844837101,0.443945167,0.311621688,1.111680166,55,49,793,2
111,1.296096747,0.06056558,37.16617028,2.19675721,0.092742969,0.590505258,1.833461129,39,58,516,3
84,3.993180244,7.534420331,36.41290756,2.917968594,0.465914611,0.231569188,1.012716171,54,32,418,3
64,12.70547045,15.17380183,36.69466553,3.592863209,0.757901051,0.198760505,0.745230158,110,30,949,1
88,2.214218821,5.435033837,36.32990506,2.629554003,0.431505407,0.228925179,1.198534114,71,41,402,3
83,2.26489577,9.852893276,36.19752922,2.950594384,0.494234354,0.381912532,1.227479832,61,53,638,3
68,5.311201457,19.72327351,36.83606694,3.419613021,0.570687663,0.14464623,0.781555877,168,34,400,3
108,1.611053725,0.705394608,37.38466225,2.456516549,0.015702244,0.747564498,1.773710026,33,34,569,2
97,2.102293585,8.813533616,36.01667185,2.727649924,0.330192999,0.364714855,1.156830455,86,44,850,2
69,9.811443598,17.88958335,36.53675414,3.191593968,0.775767125,0.189417665,0.537378923,139,42,400,3
117,0.797985833,4.127761897,37.03596658,2.098207043,0.060005281,0.688019026,1.842586345,39,54,923,3
105,1.048415438,1.113790568,37.42311416,2.409119014,0.079214371,0.676582276,1.628912848,15,34,698,2
63,7.173851043,10.14803423,36.63425402,3.191052486,0.75414322,0.040740658,0.881594935,194,37,596,3
89,2.002894886,9.879912138,36.17957966,2.669795371,0.329012667,0.371636882,1.435419768,74,51,833,3
88,2.653994913,7.789381579,36.23322354,2.787884291,0.410192444,0.392021408,1.276093054,76,42,834,3
115,0.876201378,2.35206738,37.13936402,2.189895131,0.119702616,0.674056329,1.818217672,16,37,644,3
84,2.398585245,6.265157718,36.02106387,2.536305426,0.348676656,0.203905856,1.122705296,94,46,980,3
72,9.367366778,19.13108787,36.89564241,3.305437502,0.96240274,0.065929299,0.536257748,107,46,695,3
95,3.726166874,5.348207454,36.28986469,2.572507084,0.306277201,0.223304809,1.387553714,76,41,802,2
101,1.275745666,3.433796335,37.02923963,2.209301809,0.116767452,0.519813661,1.567547278,42,57,487,2
88,2.485485984,7.676196685,36.45634619,2.507793792,0.428526755,0.214730087,1.003224721,85,49,966,3
86,3.233469914,6.17165896,36.25712356,2.898732245,0.466498474,0.369303906,1.169278906,71,56,999,3
90,4.845153279,5.068719173,36.22018197,2.823885494,0.440355154,0.235217552,1.486091638,93,33,771,2
110,0.041045023,3.916320994,37.03985237,2.070525461,0.114966005,0.681051651,1.843443559,8,37,599,3
74,8.324712269,16.30706332,36.52184986,3.034934809,0.713625801,0.162267896,0.835547032,133,53,508,3
68,5.336438225,10.65232661,36.53897503,3.742979134,0.568176898,0.124490375,0.662334439,145,33,436,3
61,13.64188363,17.75624908,36.59513755,3.152635791,0.673838337,0.0824349,0.966009076,177,49,813,1
107,0.824346094,1.536041934,37.0770304,2.419951977,0.012768276,0.586950639,1.653191447,47,40,823,2
102,1.964379807,4.310070535,37.38601051,2.136951236,0.19474814,0.722896251,1.802608642,2,36,569,2
94,2.417048158,7.818567072,36.0283568,2.831993431,0.348148228,0.223805316,1.204747925,62,42,670,2
68,5.41535271,14.14055591,36.87976317,3.874199771,0.548774147,0.104935093,0.631701494,192,33,893,3
93,2.332641826,8.412908361,36.49208832,2.952792292,0.474333782,0.260434031,1.375394088,59,53,631,2
88,4.07073029,7.971364053,36.07214033,2.582952522,0.431845118,0.262427758,1.132869039,73,52,394,3
106,1.765343871,4.099221759,37.23301706,2.266978204,0.048455239,0.551856422,1.911500587,45,36,756,2
107,0.926718613,4.322538804,37.46311603,2.164172172,0.044938898,0.639278909,1.589663178,3,59,577,2
90,2.381531595,7.689798158,36.12378103,2.546178229,0.371975602,0.254841521,1.255552153,53,57,729,2
110,1.863970036,4.384365217,37.19713552,2.349476632,0.017571403,0.713762317,1.986428865,13,41,870,3
61,6.873186197,16.33788199,36.79521864,3.651933059,0.513041643,0.109744698,0.797467422,174,40,536,3
81,2.029582501,5.050867185,36.30540929,2.894599878,0.455301083,0.355915604,1.180503172,97,48,730,3
96,2.93656621,6.685938474,36.08278556,2.668112986,0.417176826,0.304055863,1.159713679,68,54,587,2
82,3.234022371,7.518718477,36.40725644,2.90964252,0.459662627,0.220224968,1.399839402,53,58,389,3
113,1.32925458,0.222372992,37.3932217,2.456357043,0.097368633,0.74136254,1.853205266,41,37,601,3
77,12.5958075,13.44904795,36.56753518,3.314877726,0.679318434,0.193045532,0.848979856,122,53,794,3
88,4.126418894,9.780833922,36.31249333,2.594207239,0.349648506,0.381950144,1.006781048,80,43,616,3
88,2.848293306,6.534908247,36.10964137,2.896176031,0.366441835,0.269096998,1.226503407,82,33,619,3
73,14.98071254,18.38444386,36.77874938,3.193429592,0.840722938,0.187530757,0.60593327,191,52,459,1
115,0.351922637,1.40893888,37.10341947,2.485722373,0.003722203,0.687816902,1.758799412,29,39,596,3
117,1.095892608,3.867586261,37.33723064,2.147228446,0.105748202,0.752037848,1.534103117,18,39,990,3
64,9.629076884,16.47070019,36.63220386,3.156013816,0.93472847,0.021901236,0.887010653,151,51,942,3
112,0.00874129,2.600897009,37.10857677,2.37174931,0.008613485,0.749466406,1.919046113,40,34,878,3
72,8.069545019,14.31828996,36.9365437,3.980021095,0.623245977,0.189650657,0.844363474,152,50,428,3
118,1.92151257,4.462277291,37.06429587,2.155394964,0.048612638,0.671629798,1.901399716,48,33,428,3
88,2.418910645,6.052917768,36.37083873,2.57376717,0.344589341,0.284910531,1.036056215,75,58,561,3
119,0.598672914,1.055115382,37.27914437,2.205156814,0.184057189,0.764018809,1.741675332,15,48,586,3
75,10.85448291,17.12565078,36.70804024,3.914067694,0.912081269,0.033342622,0.788193925,168,59,876,1
84,4.887658342,6.156508435,36.18372982,2.753595944,0.346533834,0.278809051,1.268769602,89,56,698,3
79,5.323019129,11.33702682,36.81781403,3.662600503,0.873325716,0.14404908,0.829759977,101,59,572,3
109,1.824753227,0.091070155,37.18328086,2.364435147,0.085431208,0.507450322,1.532990452,31,42,382,2
73,14.81387737,18.6152813,36.52254599,3.573449986,0.590622386,0.198802507,0.569461506,153,44,476,1
110,1.874129309,4.236291558,37.12287739,2.286311976,0.190714792,0.720715054,1.844168174,34,44,343,3
112,0.465709503,2.140513855,37.44496441,2.009485573,0.08286373,0.58004653,1.599294808,16,46,681,3
80,4.654163818,8.457395911,36.33309167,2.682659782,0.311880595,0.36601462,1.085451898,90,54,341,3
71,11.4590346,11.00915984,36.98585837,3.147100011,0.883172863,0.006970272,0.812270899,109,55,753,3
98,3.85115898,8.991758577,36.43793703,2.75505247,0.398059039,0.324319154,1.364603795,82,31,784,2
78,9.644761457,18.17449514,36.86310139,3.488782418,0.93002494,0.024072952,0.954970527,140,32,787,3
66,11.75162429,15.60598071,36.67771427,3.568860797,0.628732666,0.088055834,0.640387704,199,34,786,1
74,7.200993877,13.00311157,36.97316059,3.263151237,0.836588935,0.035625702,0.546694989,122,36,508,3
64,13.63306167,11.74201509,36.50960527,3.651995141,0.526749104,0.195988048,0.804810142,135,44,746,3
87,4.993601075,5.357255437,36.49112664,2.975094808,0.47042778,0.290825115,1.435451186,67,34,538,3
107,0.370476606,4.076810017,37.30726457,2.04901564,0.179063911,0.673387159,1.828124139,2,45,569,2
68,9.211202843,15.34281745,36.85165654,3.695047876,0.67878855,0.077051656,0.781119096,127,31,365,3
95,2.938754812,6.988249292,36.35009336,2.957663368,0.317552295,0.372295629,1.396506362,77,32,770,2
103,0.092922954,0.078703056,37.23850306,2.047769823,0.038800363,0.75403016,1.785514196,4,30,601,2
82,2.020459835,8.139358905,36.40514801,2.79538403,0.384942735,0.316783676,1.309856028,98,41,965,3
62,11.23093127,11.8799332,36.60497836,3.669257884,0.957977042,0.031808849,0.981232767,152,55,400,3
78,11.15836106,15.96420495,36.72113487,3.47609139,0.811487938,0.116699307,0.687131691,106,44,521,1
75,7.054063306,13.19902994,36.89393905,3.104525381,0.875115999,0.071768488,0.775845523,142,39,860,3
115,1.856899674,0.92387759,37.42084505,2.267698551,0.14157184,0.56525122,1.855992323,27,49,524,3
80,2.244176174,7.331280271,36.38778242,2.530436333,0.441067043,0.363942325,1.330415649,74,30,756,3
100,0.467380071,4.813260701,37.32579696,2.148485479,0.1859395,0.72217826,1.642303606,20,44,853,2
103,0.76145394,3.775927549,37.00920078,2.06781048,0.072994867,0.53267256,1.800563996,3,54,655,2
63,12.61307999,12.16256479,36.74189595,3.451813078,0.862432308,0.08030178,0.516467649,140,34,936,3
74,13.81158667,11.81406144,36.86163797,3.936825473,0.504396307,0.144189135,0.729666748,107,34,836,3
86,4.953996483,6.444077031,36.39307149,2.617319944,0.387121596,0.395076175,1.383068148,84,33,332,3
80,3.641986227,7.298079979,36.16570238,2.828777438,0.345964084,0.220986844,1.013618551,64,50,489,3
64,13.56615128,14.08997185,36.51111072,3.636307273,0.870597214,0.058848715,0.738332,140,51,926,3
64,6.957098143,13.67910938,36.50830811,3.839522056,0.889981762,0.012650806,0.682433805,186,40,949,3
76,10.26208677,13.55242861,36.79806569,3.978156876,0.998751252,0.154942996,0.702155549,189,41,961,3
80,4.95672389,8.538801529,36.22446572,2.506057635,0.404096683,0.39678564,1.261530454,82,35,580,3
104,0.842912093,1.142164914,37.35161412,2.126180841,0.182205147,0.658550387,1.935239169,41,51,650,2
80,2.364836345,6.328476533,36.41800152,2.951874465,0.407801648,0.206327123,1.463486785,70,30,518,3
84,3.289324503,7.326696134,36.44340493,2.580542123,0.320733827,0.200545749,1.157000188,72,46,346,3
109,0.022477965,1.135977073,37.16635579,2.015783748,0.121580825,0.670640105,1.548517889,23,45,439,2
95,4.833406858,5.013354967,36.39768916,2.676802638,0.312730274,0.259196643,1.160868258,64,52,588,2
76,9.162615928,16.81128951,36.93800883,3.051475684,0.650509838,0.11379717,0.809156541,183,49,913,3
111,0.930004026,1.478071801,37.38743013,2.427210205,0.084085791,0.700342572,1.529402267,3,59,688,3
95,2.868733718,9.359508243,36.42353319,2.950169742,0.377705755,0.328268192,1.13908696,94,50,790,2
71,11.04374137,19.04210314,36.56671028,3.918011561,0.672692617,0.085365682,0.68248927,100,41,661,1
104,1.516366221,4.115564454,37.17064479,2.382313446,0.127535071,0.787374826,1.712392583,38,33,956,2
85,4.328833265,5.128524301,36.24869918,2.764168356,0.30812002,0.262426245,1.47782209,52,36,896,3
82,2.101296732,7.5799435,36.29713415,2.678847181,0.45251524,0.227142815,1.439091705,72,52,916,3
88,3.518315447,7.307028169,36.11933955,2.723662521,0.49008543,0.242157527,1.089520619,65,56,655,3
96,4.790899446,7.869407954,36.12174124,2.720226158,0.378080026,0.209313894,1.255320924,67,46,852,2
99,3.646888728,9.223032413,36.47802234,2.971594145,0.320085867,0.388963414,1.397873604,68,39,781,2
93,2.538544107,9.8758169,36.10668508,2.584526665,0.372470324,0.38267124,1.238096732,87,44,808,2
68,7.265286452,14.95203009,36.80773845,3.391498999,0.673015255,0.043611857,0.637503383,128,45,572,3
99,2.41446617,6.861895942,36.46225121,2.689515131,0.312128415,0.283598852,1.334408797,79,35,699,2
60,11.88088923,16.30624374,36.58608648,3.162145004,0.773591541,0.131887712,0.980955292,165,36,786,1
112,1.932621418,2.272980535,37.39310912,2.458525796,0.136665087,0.572819766,1.803927076,25,48,917,3
72,5.977464831,16.2539252,36.7110024,3.266096092,0.7203747,0.168828,0.963539703,131,36,313,3
91,2.771599791,7.568001893,36.3740598,2.746068632,0.36041458,0.316406869,1.473328015,91,48,650,2
106,0.696077887,1.176925035,37.22906918,2.343217066,0.148393341,0.733662094,1.687366007,30,58,752,2
119,1.670025343,4.714385736,37.22629998,2.250032596,0.192258904,0.637535318,1.751774236,2,34,767,3
94,3.123433695,7.827213668,36.39860329,2.719052395,0.492011655,0.254358751,1.372283598,56,54,805,2
105,1.605004068,1.481076308,37.04840603,2.260127792,0.105758922,0.739150332,1.984159603,31,33,837,2
75,11.8127853,19.85801351,36.97129511,3.712450765,0.760894706,0.032304784,0.692088278,147,31,936,1
98,4.142368405,7.145762523,36.36381365,2.571870628,0.332517262,0.232566429,1.445432479,77,33,660,2
106,1.171874459,1.050588431,37.14204503,2.460223312,0.085428785,0.676095645,1.729966098,16,44,850,2
107,1.372383001,3.591210131,37.13744255,2.394505422,0.17090704,0.776202529,1.580606207,8,41,793,2
86,4.820657313,8.596612769,36.03116275,2.689368574,0.317154551,0.372263519,1.310831351,59,49,354,3
83,3.26926211,5.521820498,36.17524391,2.580943412,0.365758752,0.363852401,1.080349663,70,45,402,3
69,7.506411182,19.35568171,36.63069434,3.413528499,0.938961806,0.157235221,0.928743779,157,49,623,3
99,3.676385346,6.926253592,36.22985548,2.576978151,0.363153512,0.371529424,1.448779205,73,46,656,2
92,4.138519064,8.044266251,36.4918375,2.595044396,0.389808945,0.3836481,1.45736853,51,55,599,2
116,1.624790483,4.185877918,37.00758649,2.477119432,0.155618045,0.730390249,1.540762365,35,58,762,3
103,0.884154147,1.371935451,37.0659611,2.472476376,0.026328123,0.605231775,1.652433996,2,31,877,2
69,14.19394841,15.08851645,36.64898728,3.159160198,0.915071683,0.194298411,0.674577701,156,31,593,1
64,12.75328981,14.55402804,36.81503657,3.716549068,0.980296144,0.033007466,0.998691247,198,59,583,3
98,2.858206827,5.319143448,36.4819579,2.812131618,0.334629712,0.223353272,1.18506131,59,56,766,2
72,9.681960449,19.12873843,36.78402513,3.521231505,0.903274218,0.000804922,0.598692835,112,56,917,3
71,9.850281949,11.63715981,36.96499141,3.328665131,0.894107841,0.178282667,0.673224689,164,56,320,3
108,0.741427127,2.036718761,37.21657911,2.461161531,0.138512798,0.574293835,1.592499849,12,40,378,2
69,7.301834913,16.58506447,36.55796676,3.38735849,0.812526786,0.058171995,0.532637192,136,57,323,3
65,12.62451296,10.56414307,36.71130394,3.451210143,0.977010226,0.095136791,0.874950131,115,33,304,3
79,12.42376383,18.79856769,36.97207545,3.058618971,0.869954356,0.145300692,0.973554807,176,49,828,1
74,13.18027323,10.13815476,36.94900987,3.413027112,0.615248759,0.10168254,0.829835021,154,43,569,3
104,0.296175676,3.178696788,37.44507132,2.45598429,0.15864794,0.55284234,1.908715705,22,47,357,2
88,4.355802683,5.425162268,36.29138256,2.910571063,0.472318071,0.205726341,1.469579616,50,50,432,3
92,2.322035874,5.240059328,36.39245608,2.692335312,0.321422503,0.352533563,1.424581535,96,57,497,2
92,2.045667414,8.504012407,36.27506984,2.825398571,0.462636934,0.286845555,1.062257734,62,58,406,2
112,1.230588238,4.667057148,37.46579183,2.286047303,0.059522285,0.79913409,1.840408545,23,58,884,3
62,9.520127467,13.11950009,36.92795038,3.56773278,0.906627476,0.097550742,0.876978747,141,42,671,3
63,7.54926566,19.14915041,36.84377113,3.737218716,0.662644307,0.140254597,0.823141073,104,45,926,3
105,0.977611815,3.657743413,37.19069383,2.173570299,0.16827192,0.510590676,1.987368474,48,44,436,2
84,2.693345915,9.831471649,36.31116077,2.502819312,0.383124442,0.287363564,1.404582488,88,40,490,3
60,6.95287151,16.36445028,36.78779887,3.565051586,0.807561645,0.100447595,0.508465375,158,35,926,3
114,0.848523727,4.555664054,37.25070328,2.134850383,0.078009413,0.630930332,1.834997937,23,55,979,3
93,2.849966946,7.958755033,36.17863947,2.879360434,0.312119539,0.383592396,1.085806274,97,50,891,2
108,1.834930451,4.4766359,37.45437841,2.369804999,0.021399994,0.631441271,1.565702686,49,43,629,2
80,3.384478884,9.798201059,36.09251139,2.578997115,0.442683812,0.214910377,1.241445728,90,36,808,3
60,5.401350504,19.19902126,36.74465099,3.868589142,0.928443977,0.163150317,0.53070151,182,42,396,3
98,3.374206587,7.200207338,36.08757032,2.984205394,0.342627695,0.238187357,1.330364485,56,30,814,2
60,6.308610663,17.97621515,36.60429666,3.491677293,0.928241225,0.038684902,0.620942324,164,55,437,3
102,0.29305164,1.017137511,37.1431002,2.407491682,0.183152773,0.621884183,1.564104476,36,48,976,2
99,2.233923271,7.632632666,36.39559488,2.540597295,0.477947795,0.31566133,1.475312235,78,48,580,2
63,6.075270438,14.33018118,36.60725994,3.429541175,0.995524086,0.114824419,0.846800111,112,47,593,3
82,3.428283934,6.589154732,36.18013715,2.667240304,0.364893098,0.338925001,1.293854515,98,37,605,3
79,9.277255154,15.66086401,36.85130048,3.613677377,0.655525885,0.159541315,0.55507682,105,36,820,3
64,11.15762368,12.17993481,36.88609983,3.227536331,0.945196067,0.172310981,0.681196726,186,33,406,3
70,14.37988528,16.53315225,36.98523832,3.580117033,0.910596379,0.162621076,0.668664388,104,37,544,1
74,8.055511142,10.45303424,36.7930244,3.22286631,0.980087719,0.137392191,0.987061943,150,54,927,3
109,0.861335379,3.388682998,37.09362347,2.340176096,0.07881873,0.738672582,1.518417909,33,56,740,2
93,4.388905689,9.522955079,36.33752596,2.645076817,0.47395476,0.349515624,1.212218802,88,34,788,2
90,4.857054512,6.626639134,36.21084686,2.554768302,0.349508857,0.376484242,1.180424963,74,38,994,2
108,0.36560006,1.524065673,37.22416817,2.182420531,0.196581047,0.750482241,1.739843377,47,37,457,2
94,3.760667952,5.972980464,36.3573993,2.812560742,0.459630703,0.213699415,1.105052725,81,46,652,2
64,10.62081901,15.93431407,36.92174488,3.417738176,0.766192357,0.198260812,0.765922542,187,33,552,1
90,3.904840489,7.404012539,36.36035773,2.969193261,0.361931862,0.363775034,1.327424466,78,57,682,2
111,0.780956881,1.753583587,37.21579771,2.371538067,0.100288149,0.744217902,1.872609239,1,34,744,3
79,7.808869366,14.62802878,36.97341944,3.726940944,0.505938495,0.023301356,0.961905635,120,57,881,3
99,3.850934843,6.448230052,36.39641538,2.801658723,0.438965141,0.274981968,1.215219003,52,31,634,2
86,4.806665358,8.326640263,36.11732593,2.880105261,0.365055242,0.288096338,1.137175082,91,32,630,3
119,1.958599995,2.485014863,37.49803846,2.244892989,0.043950253,0.652235719,1.519797786,41,53,902,3
77,12.25820521,16.09826715,36.78991712,3.996728214,0.638998717,0.155936873,0.790702385,135,42,508,1
72,14.98525113,15.88324994,36.60227198,3.503687036,0.855555567,0.154872077,0.500254995,100,57,622,1
76,13.74911833,11.52905444,36.83322812,3.26606219,0.678271072,0.188111852,0.620224063,179,59,490,3
82,3.776059001,5.918546927,36.11446315,2.63666698,0.307658277,0.235447055,1.325249992,57,52,895,3
70,8.99275384,17.45964847,36.56704139,3.31401471,0.559270468,0.09097729,0.77600214,176,34,708,3
78,8.611054794,17.17546768,36.79981824,3.508277004,0.991419656,0.188001865,0.977717923,190,51,499,3
79,12.3234907,10.79302475,36.60458134,3.311887684,0.558203843,0.091379814,0.992154595,102,57,462,3
61,10.72529874,18.19286236,36.88326189,3.151171698,0.957365867,0.154018076,0.502651255,163,32,978,1
65,10.79905938,17.6574676,36.63543703,3.667068218,0.676963098,0.114770967,0.692282875,134,50,816,1
66,14.01443686,14.54503601,36.59853177,3.159868655,0.736491883,0.152534485,0.998602572,138,39,362,3
95,3.228669924,8.974678184,36.02233152,2.705361785,0.363655263,0.228237197,1.189402058,58,40,625,2
87,3.778435388,7.935555635,36.26476594,2.558494118,0.343691185,0.360013415,1.251182744,60,51,931,3
114,0.128648389,4.715870256,37.10768846,2.256203072,0.012717608,0.768479714,1.989970127,43,58,994,3
69,5.158744218,17.86965492,36.65573217,3.588837469,0.519609251,0.143092053,0.764701982,142,56,642,3
83,4.216193316,5.137841204,36.27737315,2.584744137,0.300198373,0.373840018,1.335763894,66,35,685,3
96,3.834941998,7.366783435,36.20962905,2.943534881,0.349029604,0.279662011,1.164557706,84,52,427,2
119,1.699563397,3.988519651,37.49339497,2.348572275,0.150210758,0.794840762,1.503495393,31,52,999,3
72,13.83844304,18.41960681,36.97289564,3.537379188,0.503460048,0.00221088,0.772319528,184,57,515,1
73,14.17725809,13.59170351,36.92811347,3.902864794,0.749750885,0.089387607,0.880510302,172,50,805,3
69,9.72263964,14.07839307,36.67668079,3.423016952,0.836828927,0.086743925,0.662111944,160,30,382,3
117,1.455755244,2.070309701,37.16239725,2.423138686,0.181078647,0.635564748,1.504531549,27,56,713,3
70,12.77341789,14.51769117,36.92898355,3.574733652,0.809369071,0.186838888,0.582307947,166,45,887,3
114,0.898058491,0.817631043,37.04726438,2.236460058,0.092991005,0.696037483,1.735533739,28,46,374,3
118,1.128113347,0.083888571,37.39474459,2.147711492,0.090497415,0.660689086,1.996098577,24,30,610,3
108,1.478825779,3.905153522,37.19871764,2.191976726,0.131559253,0.528022305,1.867812075,40,50,672,2
68,14.71842091,18.68396209,36.81315117,3.819057456,0.943790024,0.05189513,0.924705794,146,51,447,1
61,6.836438499,13.45702705,36.90320373,3.173755696,0.554832111,0.103187801,0.779348482,122,52,694,3
94,2.788292114,5.931108047,36.15781906,2.518554256,0.430309957,0.397697429,1.317023384,63,51,582,2
116,1.693515861,3.109372805,37.31703818,2.110832094,0.083125448,0.603324818,1.505712594,35,52,827,3
117,1.373660792,2.574066451,37.43396145,2.498417381,0.155808974,0.683750113,1.539477413,49,31,930,3
107,1.416300209,1.205685089,37.44334535,2.318950865,0.190652667,0.794143955,1.501640895,14,51,813,2
64,6.132690832,16.59291473,36.96280472,3.969245934,0.617961544,0.161850646,0.676776638,183,44,952,3
91,2.22176515,7.035684969,36.16865891,2.89259051,0.382057142,0.33691768,1.301217628,69,42,521,2
64,9.276995147,17.23578212,36.91473005,3.898885754,0.534067132,0.06041576,0.66011502,111,44,488,3
109,1.33158619,0.332208159,37.43799367,2.469534596,0.123581485,0.7644173,1.565723008,31,44,579,2
99,2.817060239,9.963505811,36.15823124,2.939413069,0.379471191,0.249210968,1.113081625,75,30,470,2
97,2.590979168,9.806623591,36.12237197,2.623721809,0.488779578,0.380179771,1.124455442,65,35,694,2
78,13.20361348,17.71558158,36.64733356,3.090138985,0.603219442,0.154211314,0.982373907,144,42,480,1
71,9.047954059,15.386725,36.92180491,3.060411992,0.798361145,0.143407184,0.988945929,108,34,755,3
103,1.679982391,2.16588806,37.06644424,2.191543457,0.190895027,0.521606486,1.704222586,9,58,508,2
72,8.44952547,19.40578354,36.51531785,3.75174188,0.920687483,0.055412145,0.607357185,153,50,677,3
80,2.340142129,6.060986278,36.31067758,2.709708464,0.400834874,0.390308487,1.210117732,77,42,503,3
111,0.858246636,4.69434837,37.49570027,2.263329913,0.057608802,0.737233043,1.579655368,1,44,868,3
95,2.024875424,5.649042306,36.09985021,2.798599676,0.338937001,0.273054588,1.121389891,58,38,979,2
114,0.012571092,0.710716567,37.11164877,2.135977923,0.029285308,0.623094665,1.537590293,28,50,771,3
83,3.722800069,5.448524385,36.44504158,2.982817914,0.340472712,0.340927964,1.420969315,93,35,856,3
84,3.536806252,7.003185221,36.46492125,2.871941555,0.348260328,0.317111437,1.344344575,64,48,821,3
95,4.853545433,9.447870672,36.22866834,2.818245551,0.346139225,0.2806018,1.435591298,94,47,664,2
72,13.72798298,11.22009874,36.9912731,3.012391464,0.943060006,0.070734515,0.566345291,123,38,306,3
65,12.25655464,15.05191229,36.79645267,3.760714628,0.803654371,0.123123022,0.894609796,104,41,942,1
68,7.183821303,16.47536668,36.96151609,3.004940305,0.89288536,0.128263776,0.523316381,156,44,793,3
79,7.658205407,10.93515682,36.76718991,3.49822374,0.673587253,0.033750762,0.918976777,148,45,538,3
62,8.957506053,16.56008108,36.9141845,3.791531071,0.8608428,0.071819277,0.561152158,128,35,706,3
112,1.363059462,1.056012457,37.3978492,2.239584106,0.107270562,0.663749003,1.643403219,49,50,921,3
81,2.035936068,6.751609361,36.04587203,2.660744346,0.425642015,0.378895611,1.419802725,64,54,777,3
112,0.386144548,4.85493326,37.27473724,2.091251112,0.168149231,0.618557373,1.949611076,49,36,917,3
79,9.803681068,11.19390777,36.82657299,3.601466762,0.524416467,0.063923565,0.697516816,157,52,608,3
95,3.080327266,6.616848776,36.47087657,2.520815359,0.453457639,0.29661872,1.472231254,87,41,480,2
118,1.857544851,1.722713334,37.26200229,2.069240804,0.189111574,0.701891121,1.526973738,49,37,950,3
64,14.97491161,16.58648697,36.9611088,3.435798375,0.855141142,0.091938058,0.664112271,128,40,736,1
65,14.80540649,14.96166405,36.90555657,3.666819468,0.739813619,0.094830014,0.670945059,138,40,499,3
81,2.696018604,6.995256093,36.11249934,2.676299339,0.44570852,0.32220185,1.040590853,59,46,864,3
98,2.312619313,5.711487894,36.00095785,2.576626108,0.415455736,0.363904624,1.09671498,99,40,310,2
111,1.172214236,1.595136342,37.24984646,2.1870026,0.128110759,0.646143609,1.502304968,44,34,430,3
108,0.683396681,0.470733761,37.11018485,2.111886146,0.1870739,0.629753892,1.521032924,43,54,391,2
100,1.17773878,0.933107458,37.24927882,2.185031031,0.160775275,0.596146891,1.729132741,34,48,403,2
71,11.61684356,14.10529114,36.75199096,3.967203456,0.830805748,0.180999045,0.589379252,168,53,581,3
108,1.935328396,0.485387452,37.45133559,2.222606061,0.014748833,0.763856478,1.625970106,44,56,927,2
61,14.77811489,11.1146214,36.73097402,3.180636551,0.872518267,0.02361178,0.619920874,164,41,825,3
82,3.533270603,5.291217264,36.28169447,2.8987605,0.326431239,0.214542243,1.093903889,82,36,868,3
109,1.081189308,1.247399473,37.1661183,2.482942506,0.048125045,0.770493627,1.790265752,49,59,473,2
119,1.897097435,2.092827991,37.43169328,2.128214347,0.11418443,0.753155617,1.960344221,14,48,666,3
93,3.148241973,5.055462468,36.16550767,2.804067616,0.345140614,0.337560867,1.397200505,62,47,637,2
78,13.54816565,18.78057953,36.83051852,3.304789,0.740625641,0.14210213,0.605281827,163,37,568,1
83,2.288052321,7.786431635,36.03338807,2.507153643,0.477925534,0.297983222,1.271644828,91,56,663,3
119,0.381337162,4.088496559,37.33005855,2.315495577,0.083640557,0.618884155,1.845131305,16,50,587,3
61,14.69269244,19.55699559,36.70621475,3.820622254,0.771633921,0.102351178,0.527482031,150,53,922,1
111,1.549719807,3.244910991,37.09947031,2.198561513,0.014244806,0.635502118,1.985169706,41,56,845,3
102,0.190806868,4.459192287,37.00568668,2.000826244,0.165359548,0.799043282,1.863551414,42,42,606,2
83,3.733733518,6.33111597,36.13677657,2.695190195,0.392025443,0.216501017,1.420999583,56,31,867,3
118,0.310119443,2.700467105,37.04030564,2.383389212,0.116984219,0.525850008,1.924293095,46,50,615,3
99,4.761523368,5.388926001,36.06047888,2.993852905,0.397520164,0.247642811,1.384832244,89,52,979,2
69,13.37285778,17.84263377,36.6370239,3.401618574,0.706625502,0.098254584,0.583686426,165,53,441,1
68,10.31708997,18.1990043,36.75866725,3.230783923,0.831564369,0.159462829,0.659685833,104,30,825,1
95,2.202151922,5.837667755,36.41072555,2.66739777,0.441183622,0.339964747,1.496850262,59,44,428,2
109,1.609770996,4.461885573,37.02573335,2.263577295,0.021484898,0.560222655,1.950108251,38,56,821,2
69,9.168265039,16.74240281,36.56670324,3.325817879,0.532273903,0.130267988,0.98544563,173,58,948,3
80,4.536814385,9.275979031,36.2885886,2.759126156,0.381250853,0.363618979,1.091033806,59,38,510,3
82,3.301921769,6.129787703,36.17480025,2.826148442,0.478472216,0.277006136,1.345954116,91,44,423,3
63,5.419263544,12.04122285,36.6003232,3.065240454,0.863003692,0.075994985,0.942193084,107,43,806,3
97,3.917052287,9.387324748,36.26231055,2.686762314,0.473403016,0.262049285,1.03971185,61,48,705,2
109,1.17176449,2.972320243,37.46427088,2.143232409,0.055767323,0.632145095,1.678457451,14,46,599,2
113,0.878361893,0.398692337,37.31122187,2.025940403,0.076480499,0.618101069,1.999461254,41,34,823,3
74,14.30168715,17.32294266,36.88804714,3.067175431,0.602478831,0.194860748,0.846593502,197,46,808,1
65,5.443890012,13.69135908,36.74945644,3.211459509,0.586568396,0.10168331,0.792952118,153,47,406,3
96,3.136429864,8.20991944,36.2857631,2.762270011,0.42894038,0.307525264,1.327395177,65,49,545,2
96,4.783462405,9.292051269,36.1475187,2.966453992,0.3141618,0.265984364,1.319972468,93,44,786,2
97,4.609059743,8.36136827,36.18136691,2.979154681,0.478704151,0.286790984,1.286664246,83,31,884,2
91,2.494465649,6.045922964,36.32843665,2.755390809,0.346226372,0.280581923,1.18659173,85,58,522,2
110,1.614534913,4.004791578,37.39836168,2.283517957,0.065176137,0.623289355,1.658871752,36,58,907,3
110,1.958529196,2.265669244,37.46881849,2.45718176,0.050752522,0.620545822,1.821651239,7,51,890,3
97,4.765228251,5.063436271,36.18483299,2.628632393,0.413606518,0.326572455,1.499887239,96,58,656,2
111,1.394767048,1.700046335,37.03243961,2.252720828,0.120327147,0.50175248,1.547787687,37,39,404,3
83,3.623153668,6.469214594,36.13809191,2.934674672,0.329010128,0.299092027,1.476412358,52,33,362,3
118,0.068098763,1.60657708,37.23725927,2.367914349,0.065132265,0.55836208,1.615309885,29,46,914,3
116,1.758481335,2.235494977,37.46720022,2.204046068,0.035536587,0.664708979,1.793853301,13,34,622,3
91,2.145804022,8.133599615,36.46651508,2.978779314,0.419377074,0.203977404,1.05301924,85,51,720,2
70,14.46015605,15.63774423,36.93190815,3.824886926,0.794710403,0.156727511,0.562855272,147,33,484,1
78,9.731008615,12.86223101,36.94704876,3.181292472,0.729366664,0.117609544,0.757020546,131,38,836,3
116,1.34126819,0.525332406,37.44548432,2.217828899,0.183938347,0.71210523,1.560731131,42,44,699,3
65,5.144421042,16.53398268,36.74655442,3.782098147,0.847341209,0.197590474,0.755156292,137,41,736,3
115,0.953722584,4.364357391,37.02121986,2.488950024,0.198661439,0.679346414,1.665772102,12,38,694,3
104,0.950221917,0.286621354,37.35923711,2.185964728,0.039872946,0.663456067,1.986879654,17,48,917,2
108,1.783470922,1.023344738,37.42943879,2.150513044,0.188199786,0.584319545,1.963424272,48,58,996,2
62,7.677959732,10.59994006,36.86656076,3.617277689,0.986305417,0.142432996,0.96658074,113,36,750,3
119,0.448308009,1.514954653,37.04881412,2.322226182,0.036148061,0.577221467,1.944056828,24,49,960,3
68,6.965367374,18.2211424,36.54026268,3.865660431,0.790263308,0.091728133,0.774871158,122,32,426,3
108,1.591114997,2.038041016,37.41075426,2.254337316,0.055542807,0.59087512,1.611921194,31,32,488,2
91,4.665352595,9.655039048,36.2933852,2.920244778,0.336714221,0.380334765,1.25318078,57,37,912,2
64,8.089764608,10.4355758,36.65464669,3.059930433,0.618013803,0.053133951,0.997184488,144,59,837,3
73,8.870554126,18.7561802,36.67007101,3.19701588,0.664819412,0.121871275,0.68357158,144,35,427,3
98,3.673235421,8.431125016,36.11935685,2.917972769,0.44436855,0.246819584,1.487487281,62,42,462,2
83,3.288475036,7.043562614,36.35996982,2.596191591,0.464374271,0.265226465,1.221994313,59,40,788,3
67,8.05786814,15.94770167,36.66631227,3.725697695,0.789893579,0.029141322,0.655134309,114,35,571,3
89,3.018384466,7.952657498,36.36707367,2.881017574,0.360328369,0.213540786,1.018809739,80,38,576,3
67,6.844889355,17.66150475,36.799451,3.501403166,0.811503793,0.027499911,0.659521121,111,44,965,3
90,2.139300966,6.47125204,36.2934399,2.654811446,0.437079049,0.364397266,1.21021959,76,43,487,2
102,1.657146291,1.609969482,37.14935759,2.152547491,0.162278742,0.749496046,1.664861229,17,59,516,2
74,9.687787383,19.98792851,36.57941957,3.94756264,0.912127361,0.19444293,0.58978938,174,44,386,3
102,1.449403626,3.220473467,37.08903272,2.395572483,0.059839101,0.540498671,1.711281333,7,44,393,2
87,4.555592524,8.962743706,36.22137714,2.862287529,0.413729927,0.268168371,1.362937172,91,55,610,3
60,11.17955521,16.82981992,36.69227276,3.869075815,0.581153923,0.176777093,0.671140922,188,50,686,1
115,1.630999454,2.153927343,37.33428126,2.154128995,0.041890475,0.616414709,1.803403917,25,58,897,3
74,11.91135188,16.74477383,36.5017322,3.474611529,0.600134303,0.064816292,0.989407817,187,59,966,1
116,1.490455762,4.856648501,37.43912935,2.05918362,0.067702738,0.576746908,1.588408679,46,30,407,3
105,0.454489656,3.559486252,37.36645715,2.010489997,0.079151541,0.767042192,1.760159304,30,55,493,2
90,4.285887802,9.152411625,36.11612532,2.533190304,0.376052976,0.371019582,1.039014332,51,34,313,2
67,9.814072133,12.55175444,36.66315474,3.071652098,0.646291774,0.008875602,0.863162499,195,50,942,3
82,3.657109465,8.917963287,36.34874851,2.953753175,0.477164858,0.357665479,1.23759458,67,35,796,3
63,9.277748958,16.25879833,36.8670737,3.784958023,0.824802405,0.087544792,0.975051878,110,51,672,3
83,2.123626087,8.378693323,36.10732236,2.994791096,0.406740075,0.257795399,1.328838717,64,38,691,3
85,3.330527305,6.716654696,36.10675739,2.954476938,0.478013792,0.293059577,1.067280425,97,43,524,3
61,5.399551486,16.09555942,36.80420444,3.898939448,0.595024564,0.074278848,0.929772694,185,43,953,3
98,2.332351735,9.067272858,36.37184872,2.937940759,0.323772233,0.352083349,1.327552182,93,31,359,2
72,10.70354819,19.06877975,36.92954657,3.333125461,0.767978431,0.08627366,0.854538785,147,59,431,1
61,10.82107683,18.80772109,36.60877472,3.183255865,0.886138313,0.051017286,0.595992134,169,46,755,1
117,1.440936634,3.496849403,37.16273545,2.218490388,0.041581637,0.70125047,1.69811137,39,50,478,3
100,0.644641357,3.736625143,37.01275217,2.128887347,0.032497232,0.786943346,1.852640802,5,38,669,2
62,10.31968961,13.75241407,36.69293041,3.194959496,0.756111529,0.087771006,0.635397648,143,51,720,3
78,10.08683328,10.58333272,36.57687201,3.947657267,0.771427676,0.012689861,0.846543879,110,37,452,3
76,12.49962722,16.51078976,36.86610227,3.087965781,0.863390276,0.027337664,0.669752954,180,40,955,1
84,4.902279296,5.444612294,36.2387783,2.53120116,0.426042052,0.2157414,1.087683901,74,37,631,3
108,0.263807878,0.176222245,37.19752271,2.489720821,0.022068446,0.530515533,1.875583255,41,36,481,2
102,1.782058037,3.888533051,37.32642876,2.064483422,0.075641027,0.777298099,1.808464803,43,40,756,2
66,11.13806401,16.21297034,36.52327002,3.607777712,0.687218079,0.149488505,0.904052832,111,51,350,1
105,0.434892025,4.492471525,37.15180648,2.298701048,0.052688368,0.577405779,1.675318041,3,34,537,2
97,2.591894224,5.240847716,36.39083896,2.770937449,0.400745163,0.25444117,1.036158507,94,35,682,2
84,4.967800236,6.748697954,36.48277961,2.548102871,0.446490023,0.222865999,1.136785787,91,49,538,3
117,1.550422634,3.076557036,37.29680735,2.456176543,0.09043215,0.567579734,1.580894293,24,55,318,3
77,6.061134601,15.85250153,36.62143233,3.166259428,0.79638536,0.152261983,0.666077458,126,47,925,3
61,14.3519103,13.36896185,36.99875285,3.978587756,0.889411725,0.004013419,0.77173746,187,56,796,3
99,4.91702113,8.041914766,36.2610864,2.759486928,0.377289675,0.293738013,1.317706292,76,45,395,2
83,3.231248286,7.295315844,36.48225692,2.915392647,0.333358344,0.359697873,1.08914964,80,54,870,3
96,4.927878746,5.440592723,36.40696244,2.929606324,0.323751117,0.256650694,1.36683032,67,52,368,2
117,0.319858799,3.24172238,37.3509843,2.251803927,0.028988214,0.753346023,1.82263298,27,45,879,3
90,3.83411017,5.53368341,36.28020576,2.536830536,0.408971051,0.310539138,1.437219393,78,50,923,2
86,3.719727995,8.031897393,36.08449068,2.928886798,0.486193023,0.35499813,1.470376226,52,59,890,3
79,6.639172029,16.68800599,36.84206014,3.286924514,0.513746666,0.039969452,0.699888774,161,49,879,3
75,8.913906644,19.61786614,36.88212176,3.319748401,0.975802034,0.129129358,0.727724822,128,43,478,3
99,2.698976158,6.933160961,36.26394819,2.764013675,0.45234738,0.271759571,1.358399015,84,55,751,2
89,3.21478766,6.346382418,36.09925448,2.752171165,0.433851709,0.379644206,1.326223292,50,31,587,3
91,3.289555935,8.050915054,36.45442569,2.728783562,0.497545911,0.318562413,1.080276971,78,59,973,2
119,0.960683152,0.741095549,37.21660932,2.374958711,0.091762586,0.549035333,1.625962685,31,58,875,3
107,0.29713224,2.252773807,37.23833716,2.023618137,0.010614077,0.728765543,1.650225395,13,55,543,2
73,10.05594402,13.05071637,36.86376733,3.55118836,0.738680763,0.133533863,0.901145154,129,52,337,3
92,2.003274623,7.651178464,36.10732377,2.547096229,0.406394203,0.349365301,1.206136261,93,54,741,2
79,7.638598856,18.29554957,36.85059766,3.98982849,0.967723834,0.106627344,0.87496431,108,40,981,3
100,1.579463527,4.448106179,37.35128828,2.029956088,0.134081955,0.572295677,1.657625622,4,58,937,2
83,3.945806368,8.059175273,36.3339863,2.618386131,0.388928883,0.326650744,1.318297014,87,34,640,3
107,0.100958026,4.446325774,37.04789694,2.398965645,0.149406928,0.679663412,1.68898136,3,40,830,2
118,0.545143339,1.101617887,37.27062598,2.434269414,0.154722393,0.738653138,1.724144246,6,41,642,3
93,4.379894828,8.476768532,36.01605356,2.794842344,0.369409166,0.23923855,1.347197632,88,33,641,2
84,2.894237221,7.775902998,36.41388108,2.701059169,0.465731592,0.344739279,1.460432977,72,56,957,3
117,0.860698996,3.929067346,37.22521756,2.130993965,0.005520636,0.593907141,1.856690556,30,46,736,3
85,4.472537556,8.528126101,36.33166293,2.551875088,0.354296869,0.201137645,1.068704935,65,35,934,3
107,1.877272633,0.535762313,37.06919544,2.179027456,0.084246976,0.675820008,1.886579875,14,45,699,2
114,0.500656888,3.792050952,37.14963645,2.40320018,0.106790946,0.738178183,1.63793994,16,46,558,3
98,2.323598823,5.262420324,36.16056946,2.997176229,0.369645074,0.352155183,1.066158508,74,36,391,2
108,0.38419434,0.498450183,37.21602208,2.03776746,0.181962271,0.634370096,1.919283071,33,35,342,2
63,13.29993646,12.71217333,36.73629902,3.646582649,0.951771796,0.18219876,0.546051189,133,35,660,3
93,2.300890901,6.489702294,36.39900776,2.682229924,0.331979472,0.280823236,1.277655779,98,33,815,2
75,9.007341788,18.62920625,36.52493442,3.900510644,0.848173407,0.188121172,0.625252435,178,35,323,3
81,4.106307739,6.051668511,36.13779478,2.783371174,0.389350121,0.347023438,1.189338346,73,42,808,3
109,0.080082561,0.086820379,37.32337129,2.270276559,0.108548929,0.737002705,1.687860117,16,49,989,2
65,5.129617672,18.95742768,36.84027483,3.502090337,0.791373737,0.168371473,0.975518696,177,53,755,3
76,13.08611803,13.53331436,36.53559221,3.692226128,0.669664375,0.04981933,0.844590879,110,33,965,3
107,0.982700081,3.002553612,37.07113945,2.406606643,0.120859002,0.789749119,1.989741684,1,53,467,2
112,0.432307655,2.418518042,37.47830325,2.419892018,0.188326184,0.741898692,1.677375468,24,50,521,3
114,1.556358973,1.46711775,37.35392487,2.349986185,0.036947548,0.679138373,1.929584477,45,55,917,3
86,4.755930679,7.817560421,36.17764633,2.582179188,0.39469167,0.346022688,1.311820135,78,53,588,3
93,3.323014299,7.60083092,36.49321106,2.984025698,0.382963425,0.337035905,1.133795089,99,53,634,2
90,3.308539908,5.885264018,36.37942396,2.95758518,0.4866547,0.319266742,1.239820564,59,57,762,2
71,14.45323152,18.89460414,36.87589173,3.004568863,0.703875437,0.082142834,0.947184116,179,34,310,1
118,0.272268808,3.311469571,37.39612774,2.320979606,0.158917028,0.682248889,1.594919555,20,58,518,3
94,3.177469404,9.483890584,36.12074152,2.852987888,0.360473078,0.208984011,1.278345291,71,36,450,2
70,11.17293826,19.00023598,36.89484726,3.193876399,0.86669198,0.100378605,0.872983404,147,45,752,1
102,1.139818893,2.460669962,37.25896087,2.439451227,0.178967409,0.636061132,1.727866021,33,59,714,2
73,7.121289272,12.93545293,36.73578373,3.23556186,0.622964552,0.166628835,0.774043434,158,43,778,3
89,3.282566464,5.309021198,36.40748367,2.672038719,0.482726549,0.230882022,1.028467478,84,47,840,3
90,2.030910195,7.063098375,36.46337389,2.692209103,0.318621856,0.260578989,1.249005197,62,43,969,2
95,3.115283364,9.462426013,36.07269346,2.781716003,0.494184141,0.269006593,1.370888456,60,40,603,2
82,2.533611901,5.865309746,36.30819776,2.781802461,0.335205631,0.398034561,1.210918366,56,59,417,3
81,3.751681141,9.895347017,36.28597555,2.974520738,0.38882657,0.287168221,1.25000368,55,55,427,3
113,1.114206732,4.681371988,37.05623322,2.065410713,0.168485488,0.752708382,1.735612376,13,38,754,3
66,12.37827327,13.41583052,36.99972526,3.848665312,0.630011687,0.039021161,0.657010625,170,55,551,3
107,1.556724528,4.256230618,37.13597856,2.296730611,0.056649812,0.532706948,1.842098872,1,38,691,2
84,4.430745333,5.697773023,36.39174007,2.999638263,0.47020849,0.350362415,1.331082677,81,44,419,3
117,1.088111604,3.690947883,37.39532953,2.256547623,0.107249504,0.559350415,1.622369589,31,30,401,3
107,1.617602212,2.713611835,37.00490026,2.23492191,0.05829033,0.643265197,1.702346361,14,47,537,2
69,12.6229932,12.2319296,36.72086125,3.73726869,0.697696239,0.006399304,0.75369721,181,54,737,3
105,1.079841204,2.249693311,37.12122439,2.31888136,0.032724499,0.58515943,1.890878695,43,52,393,2
99,2.122521329,8.814144332,36.32094379,2.981944434,0.417440426,0.260790381,1.190760276,83,33,980,2
84,2.601950046,5.792446616,36.03850247,2.955987872,0.346613967,0.268832705,1.140252254,62,40,770,3
111,1.372824687,1.762810711,37.49026358,2.14945958,0.001438591,0.654691992,1.575365542,22,32,739,3
119,1.464518565,2.303495066,37.33844276,2.269119724,0.125960222,0.679011192,1.832911382,13,38,560,3
63,13.21405811,14.65785573,36.61169702,3.8345489,0.614313629,0.163098745,0.726489765,168,39,808,3
98,2.266355827,5.722031507,36.31794238,2.925057633,0.31909025,0.34675045,1.371255767,96,36,696,2
110,0.642175519,1.757308962,37.33721674,2.032643646,0.116986998,0.583619658,1.733302956,15,40,838,3
76,7.271595716,10.79459453,36.8134942,3.545048396,0.835898948,0.091879316,0.912562924,180,45,685,3
116,0.638407872,2.155817466,37.02618019,2.496269035,0.101522077,0.507271278,1.770615329,0,37,824,3
119,1.401813368,0.697323273,37.32886854,2.383149189,0.114483813,0.767824701,1.638494891,8,46,676,3
80,2.004341662,6.765657043,36.42892799,2.513659756,0.300649586,0.256251858,1.457000019,63,42,615,3
103,1.106473742,1.660040057,37.12186833,2.407610927,0.021258972,0.646206311,1.81719863,40,33,400,2
81,3.732563864,8.712480303,36.11741802,2.646663752,0.413904229,0.396625282,1.108746591,96,53,595,3
79,8.577200197,10.0227362,36.63896366,3.514553547,0.832181018,0.045787484,0.569450423,123,40,932,3
100,0.259169074,1.685089061,37.38552215,2.053306543,0.045967799,0.502539326,1.984207431,35,41,302,2
77,7.899954032,10.95209953,36.95411625,3.603628042,0.620853814,0.083929602,0.678450067,137,37,701,3
116,0.395653979,2.390639861,37.2227429,2.258337441,0.142962167,0.7046027,1.686406711,29,56,629,3
86,3.753529685,9.748427463,36.27454072,2.72755315,0.326783518,0.362037819,1.186897445,55,51,594,3
63,8.054674525,12.81413861,36.93673763,3.864673779,0.766947111,0.003799789,0.614162331,180,33,978,3
75,12.00622265,10.11962263,36.84126839,3.844539243,0.73460886,0.165816198,0.890763867,129,55,721,3
66,5.735796382,11.19383504,36.58050917,3.533082661,0.985456035,0.071447083,0.979254135,136,36,423,3
79,9.400834445,19.2137599,36.94409929,3.823220978,0.688337574,0.000898649,0.84079166,146,55,517,3
75,13.39937281,19.28476132,36.79122767,3.778478769,0.747282435,0.0083326,0.577610714,191,39,404,1
109,0.020425499,4.293534116,37.28007466,2.191575002,0.081955774,0.639005328,1.53694175,27,50,416,2
96,3.98884782,7.512011099,36.16737173,2.913250333,0.445544219,0.278722068,1.423808893,91,55,632,2
118,0.4299049,4.578960783,37.09473981,2.024211613,0.065497402,0.718089903,1.961637043,10,31,894,3
76,11.04191951,19.66116322,36.75136065,3.051515226,0.610609328,0.048958581,0.668928565,197,54,501,1
97,4.012792379,5.335864184,36.02705773,2.793233886,0.477459202,0.3056964,1.438909586,63,37,359,2
92,3.973132007,7.217506913,36.14534991,2.709316928,0.389039929,0.38211045,1.051729142,59,41,966,2
82,3.891911867,9.708213689,36.39780446,2.778538421,0.342936538,0.290174846,1.346691122,88,52,617,3
91,2.956395224,8.626356016,36.12612603,2.556168616,0.409941644,0.230223735,1.470242439,84,38,824,2
66,5.601508837,19.53000598,36.55069744,3.787882755,0.758671107,0.086078958,0.640077893,196,57,579,3
109,0.538729555,2.811739445,37.13932517,2.19430653,0.181289264,0.756751888,1.758008772,7,43,344,2
65,14.54087353,12.02716597,36.90408416,3.36897021,0.992829924,0.073631148,0.675758312,199,32,922,3
77,8.41772867,12.06433995,36.96502433,3.009355968,0.791931141,0.174152792,0.593153587,166,44,989,3
67,7.744291228,19.88753417,36.96100481,3.73251597,0.748421321,0.153317822,0.565304524,193,54,955,3
107,1.611075276,4.731427768,37.34325359,2.36604562,0.179091156,0.780913409,1.745648775,18,45,933,2
84,3.424706875,6.734946593,36.31376824,2.526351047,0.450612609,0.200895895,1.153467872,96,36,835,3
77,9.379685061,15.67277371,36.58958344,3.492848281,0.936813861,0.154692653,0.540595358,152,47,605,3
83,3.997148748,5.731914526,36.33732219,2.517850714,0.42012894,0.329188034,1.122248357,90,47,487,3
64,13.91709327,13.81897488,36.85695737,3.651548427,0.584123108,0.063799855,0.76483674,144,48,726,3
61,5.205866333,13.52558255,36.83407196,3.527729433,0.971511058,0.003393887,0.718869699,127,58,548,3
99,4.177614158,5.406143141,36.22551926,2.838117478,0.353351426,0.214769284,1.478510805,50,37,304,2
70,12.28806199,12.29114668,36.97831751,3.025254562,0.666342649,0.052018487,0.524063114,153,36,389,3
113,1.765105727,4.948448581,37.40404479,2.234340259,0.144740885,0.753087137,1.732653598,11,49,922,3
92,3.578272513,8.379273688,36.36344103,2.678368134,0.41426405,0.381974175,1.48815645,80,52,817,2
86,4.0300569,7.073419429,36.01211117,2.673430935,0.461348949,0.359485386,1.247342574,66,43,688,3
80,2.48524487,6.747366506,36.48584188,2.959888729,0.340128917,0.345124496,1.289508428,97,52,746,3
85,2.217120029,5.538212109,36.32351751,2.8778837,0.364309942,0.297934613,1.472855682,76,52,404,3
79,7.923418253,13.26848619,36.69835956,3.188592998,0.845522272,0.065869903,0.663118112,187,58,811,3
104,1.543952158,4.178043527,37.40225394,2.310596789,0.056085507,0.720456562,1.519680971,29,47,889,2
110,1.340002226,0.48962725,37.49867067,2.378204596,0.146961366,0.519202356,1.699352563,28,33,701,3
104,1.757744377,1.414688665,37.31170733,2.082325961,0.070792771,0.784171243,1.873820458,43,36,820,2
111,0.585993814,1.312149925,37.2900124,2.353242818,0.006634551,0.670220475,1.585229764,28,30,776,3
74,13.36022917,12.11471776,36.64285564,3.870752353,0.944666482,0.128130633,0.65682055,101,48,449,3
85,2.987327843,7.358902645,36.13963932,2.503000391,0.34312966,0.340012834,1.385481512,61,55,687,3
118,0.07473132,1.185314505,37.38960964,2.302993135,0.041154104,0.577232599,1.908401011,19,39,395,3
109,0.341877856,2.811989988,37.42468814,2.009771292,0.024688591,0.573691943,1.647363348,4,32,608,2
64,12.24294507,18.20393353,36.56801321,3.705826895,0.959920512,0.115274122,0.593061122,174,56,426,1
69,5.697046827,12.23404625,36.71995522,3.47391475,0.782699243,0.141122993,0.52361432,144,55,362,3
105,0.08369589,3.730406334,37.11150009,2.469606247,0.097280751,0.633897726,1.890269346,36,57,886,2
106,1.273289052,2.690944723,37.30341552,2.341325601,0.03469106,0.59037884,1.868120693,2,59,720,2
100,1.357857539,4.446940462,37.33728383,2.413907122,0.108712118,0.520676966,1.550233106,46,57,865,2
75,9.468189379,12.8358003,36.76170083,3.379650144,0.614998127,0.151368959,0.898762074,165,31,359,3
65,6.695284514,18.40411282,36.66463194,3.748066802,0.908725281,0.1536305,0.694903015,134,37,578,3
94,2.558150098,5.155142212,36.4323283,2.698165327,0.352772975,0.312334592,1.210449261,86,32,718,2
82,4.988594149,6.279244244,36.35247856,2.878997499,0.416899696,0.219495138,1.286186749,71,58,871,3
93,4.683406281,7.567043889,36.32238762,2.529015281,0.439146106,0.341440175,1.179599648,90,51,519,2
94,2.937588863,5.831077473,36.06934545,2.668670255,0.460452872,0.240222214,1.265707892,82,46,905,2
77,10.6645175,19.01931459,36.95100965,3.9441478,0.94769583,0.000656226,0.967007446,139,54,675,1
64,8.489161952,16.20804085,36.7011556,3.025554285,0.738241317,0.088426148,0.878424633,168,36,459,3
103,1.198329747,2.357627427,37.16844728,2.187157079,0.074184732,0.791722008,1.616498494,34,45,859,2
86,2.016710017,9.965881091,36.37821969,2.841224793,0.381064942,0.311040618,1.126635448,76,40,749,3
88,4.361168288,8.705763366,36.0891875,2.710914401,0.384551584,0.351992852,1.418830453,79,48,746,3
60,8.103958603,16.07761983,36.68300718,3.194621141,0.837535424,0.061269419,0.94451239,151,57,623,3
72,5.895006409,10.92384907,36.84641787,3.213976336,0.967371181,0.103288909,0.730049129,198,52,412,3
70,9.522627625,11.28600356,36.94008609,3.428395349,0.537002288,0.105873197,0.823673429,111,56,735,3
90,2.973238304,5.817678475,36.02981122,2.641929125,0.332871688,0.359879148,1.031328483,81,56,731,2
106,0.868536322,1.705900273,37.30376343,2.350949672,0.040240269,0.555629372,1.979075374,21,36,893,2
85,3.575476876,6.208314052,36.10336765,2.698429633,0.471979172,0.212289583,1.109263,82,55,406,3
102,1.211733695,1.915520834,37.05083845,2.291237534,0.136608549,0.704081786,1.818517205,39,48,381,2
100,1.27128022,3.451296809,37.32743837,2.293472782,0.031167797,0.563184962,1.630112011,25,46,557,2
85,3.214477425,6.379201565,36.15214593,2.665035396,0.401312797,0.270776462,1.323603174,76,36,418,3
78,11.14329541,17.80030108,36.53716443,3.31858702,0.659658425,0.065950618,0.751239936,132,57,324,1
105,1.470592096,3.017503978,37.32681472,2.105291947,0.065100433,0.506349634,1.554187354,3,31,816,2
96,3.784383714,7.038362291,36.48984505,2.654712793,0.451482856,0.311641392,1.114253573,82,50,556,2
74,10.47685393,11.83190401,36.70727744,3.615189931,0.857461563,0.010548506,0.832090411,159,58,872,3
92,3.960932172,5.264107214,36.01044811,2.558979756,0.489944198,0.38145555,1.043232988,64,37,766,2
74,5.976876735,10.94595982,36.54300195,3.976476239,0.871554257,0.042896873,0.522973631,184,52,605,3
113,0.252551776,2.316183679,37.36548252,2.416874465,0.10926278,0.642424696,1.692140284,35,36,443,3
80,4.370960736,8.52041518,36.09694796,2.755153632,0.388803326,0.284774701,1.271285525,56,43,911,3
60,10.12754784,13.06664795,36.94615244,3.439017932,0.646011042,0.031078967,0.836175363,126,57,456,3
99,4.558738761,7.40861102,36.22666474,2.892469674,0.318628102,0.376498625,1.335431677,80,39,593,2
60,10.18004452,10.93262198,36.58326193,3.323618243,0.551776471,0.163068365,0.648433926,173,42,361,3
99,3.428127941,7.334421108,36.24625583,2.767845585,0.306234616,0.337260225,1.243595888,65,44,319,2
64,13.5246784,14.20074865,36.99528291,3.15194303,0.731674519,0.146490066,0.502683529,189,37,686,3
70,14.92877865,17.60624662,36.68677955,3.156284935,0.545191621,0.10638144,0.987945659,122,35,630,1
110,1.389048994,2.681906429,37.30199946,2.377563395,0.145180693,0.51300899,1.901285953,44,32,977,3
109,1.224902897,0.747531549,37.2087077,2.167793105,0.070081789,0.527400482,1.579921744,2,42,359,2
117,1.736609149,3.825199657,37.39536742,2.372429366,0.055150898,0.757653716,1.501116277,9,45,400,3
95,2.416874793,6.360995696,36.08391105,2.562302285,0.459436406,0.299150526,1.315605068,82,52,832,2
62,7.575690325,13.08036275,36.82611897,3.150350126,0.80861093,0.170446963,0.560211613,187,56,620,3
98,3.046727681,8.052546576,36.27970738,2.548195536,0.459782634,0.394630659,1.090614145,91,59,337,2
73,12.92021393,10.59781575,36.94159822,3.674159422,0.685127392,0.038093365,0.908266549,102,41,698,3
72,8.389271934,10.89632678,36.95564109,3.38734374,0.674193756,0.040879924,0.948711286,197,49,847,3
110,1.761530023,0.174568073,37.41439585,2.205299711,0.131594915,0.611721369,1.847758128,32,36,773,3
75,6.019000249,13.01023276,36.74756521,3.958604811,0.535981693,0.067415498,0.962945277,190,32,597,3
84,3.024169166,6.736441795,36.3667632,2.654916112,0.34015453,0.361529226,1.402685517,75,38,539,3
107,0.834079918,4.974470966,37.07382021,2.29636399,0.177172605,0.706164512,1.94046165,8,31,555,2
66,13.51272387,13.94114576,36.85484116,3.147748578,0.877919063,0.10979653,0.63430582,169,32,776,3
81,4.368724845,6.54437421,36.38279533,2.972396671,0.495217011,0.378822236,1.102071727,76,33,662,3
116,1.088107364,0.047673039,37.19586368,2.453345503,0.179671804,0.561172065,1.690981535,3,47,774,3
103,1.936399625,3.99526069,37.47654594,2.365746109,0.175524828,0.749301138,1.626919241,38,58,484,2
113,1.084316215,3.831440688,37.19663683,2.219980188,0.106991983,0.61831613,1.95727404,31,48,600,3
97,2.37300972,6.222562076,36.07618064,2.589907785,0.460575508,0.315900288,1.478047582,55,49,756,2
110,1.954856738,4.132217571,37.36430784,2.094487601,0.15388108,0.604269537,1.765268449,45,44,958,3
65,12.26523472,16.61702093,36.53418544,3.457347026,0.832010803,0.059198596,0.656528344,135,55,826,1
80,4.960491303,6.426596806,36.26571845,2.871618626,0.302699454,0.380087912,1.193275092,50,42,671,3
94,4.950658247,7.965287132,36.14570244,2.713172831,0.351694956,0.206360851,1.421015016,54,59,826,2
73,7.126872255,16.34495391,36.57812916,3.190023793,0.813344951,0.198245689,0.945530419,166,58,388,3
83,3.642191443,7.10058261,36.45477777,2.617092148,0.319505198,0.326818007,1.047924817,52,47,635,3
60,14.91659546,12.20981723,36.68787819,3.132240124,0.803806763,0.145534636,0.741038412,175,42,445,3
98,3.61747317,5.855928617,36.20284095,2.717598546,0.496523551,0.369857166,1.367185394,97,58,475,2
98,3.397883275,5.672252828,36.21268905,2.801570623,0.414589225,0.314958729,1.127919642,98,44,999,2
83,3.16600084,8.152901413,36.1219935,2.52414051,0.417146273,0.20950996,1.361792297,62,49,703,3
61,9.112901096,19.17760936,36.50656681,3.563303381,0.961680563,0.18279745,0.792327882,120,45,764,3
94,2.521352611,8.398366776,36.00831704,2.941742788,0.417586894,0.209029332,1.11988371,65,52,829,2
116,1.918787225,3.735338672,37.14812622,2.12258977,0.197722048,0.519962845,1.921782146,37,32,471,3
103,1.154958665,2.412711855,37.26720212,2.239232092,0.088440056,0.784110708,1.739881596,32,54,467,2
85,4.139540195,5.309969785,36.01693666,2.689270812,0.438633228,0.244736505,1.216700359,82,54,513,3
95,4.543830385,9.127304424,36.44567609,2.957570872,0.401464038,0.336386757,1.309445456,82,45,617,2
117,0.436915464,3.786917752,37.48228643,2.433885871,0.043588081,0.515574641,1.878546954,18,54,693,3
114,0.388207534,0.456071394,37.16471737,2.194448915,0.061251535,0.540572236,1.62541993,3,46,829,3
98,3.897648334,7.6815189,36.27452647,2.624274779,0.404308607,0.204718943,1.215871871,65,50,913,2
109,0.43906204,0.352789776,37.17392866,2.489482883,0.070776081,0.638160987,1.826543625,23,43,642,2
108,1.077287209,1.836462205,37.07345395,2.370297743,0.011001366,0.595518152,1.781095613,8,43,620,2
76,14.26001005,19.30970388,36.70804727,3.393744417,0.653692524,0.171151239,0.783957643,110,38,779,1
85,4.676069917,8.612580535,36.05334319,2.527295139,0.460965073,0.361972127,1.06026092,73,57,797,3
