Dataset,Algorithm,ChainMaxLength,UseCacheTop1PctByLevel,UseTwoLevelSearch,TlsRatio,K,ef,Recall,TimePerQuery(us)
gist-960-euclidean,DeXOR,2,0,0,0.0000,1,10,0.456000,33993.363000
gist-960-euclidean,DeXOR,2,0,0,0.0000,1,20,0.608000,50520.818000
gist-960-euclidean,DeXOR,2,0,0,0.0000,1,30,0.699000,64694.928000
gist-960-euclidean,DeXOR,2,0,0,0.0000,1,40,0.740000,79730.688000
gist-960-euclidean,DeXOR,2,0,0,0.0000,1,50,0.776000,93480.244000
gist-960-euclidean,DeXOR,2,0,0,0.0000,1,60,0.802000,108161.473000
gist-960-euclidean,DeXOR,2,0,0,0.0000,1,80,0.847000,137945.495000
gist-960-euclidean,DeXOR,2,0,0,0.0000,1,100,0.873000,161349.330000
gist-960-euclidean,DeXOR,2,0,0,0.0000,1,120,0.893000,184283.240000
gist-960-euclidean,DeXOR,2,0,0,0.0000,1,150,0.905000,221566.176000
gist-960-euclidean,DeXOR,2,0,0,0.0000,1,200,0.928000,284333.832000
gist-960-euclidean,DeXOR,2,0,0,0.0000,1,300,0.954000,397914.356000
gist-960-euclidean,DeXOR,2,0,0,0.0000,1,400,0.965000,502380.053000
gist-960-euclidean,DeXOR,2,0,1,0.1000,1,10,0.428000,3846.676000
gist-960-euclidean,DeXOR,2,0,1,0.1000,1,20,0.558000,5604.641000
gist-960-euclidean,DeXOR,2,0,1,0.1000,1,30,0.646000,7217.303000
gist-960-euclidean,DeXOR,2,0,1,0.1000,1,40,0.705000,8708.592000
gist-960-euclidean,DeXOR,2,0,1,0.1000,1,50,0.737000,10505.697000
gist-960-euclidean,DeXOR,2,0,1,0.1000,1,60,0.771000,12231.248000
gist-960-euclidean,DeXOR,2,0,1,0.1000,1,80,0.806000,15232.305000
gist-960-euclidean,DeXOR,2,0,1,0.1000,1,100,0.838000,18134.430000
gist-960-euclidean,DeXOR,2,0,1,0.1000,1,120,0.868000,22099.969000
gist-960-euclidean,DeXOR,2,0,1,0.1000,1,150,0.891000,27102.650000
gist-960-euclidean,DeXOR,2,0,1,0.1000,1,200,0.910000,34838.956000
gist-960-euclidean,DeXOR,2,0,1,0.1000,1,300,0.938000,50675.780000
gist-960-euclidean,DeXOR,2,0,1,0.1000,1,400,0.948000,66550.257000
gist-960-euclidean,DeXOR,2,0,1,0.2000,1,10,0.442000,6221.026000
gist-960-euclidean,DeXOR,2,0,1,0.2000,1,20,0.595000,9606.795000
gist-960-euclidean,DeXOR,2,0,1,0.2000,1,30,0.684000,12540.314000
gist-960-euclidean,DeXOR,2,0,1,0.2000,1,40,0.729000,15587.495000
gist-960-euclidean,DeXOR,2,0,1,0.2000,1,50,0.766000,18070.508000
gist-960-euclidean,DeXOR,2,0,1,0.2000,1,60,0.790000,20905.413000
gist-960-euclidean,DeXOR,2,0,1,0.2000,1,80,0.840000,26108.137000
gist-960-euclidean,DeXOR,2,0,1,0.2000,1,100,0.859000,30886.306000
gist-960-euclidean,DeXOR,2,0,1,0.2000,1,120,0.884000,38994.113000
gist-960-euclidean,DeXOR,2,0,1,0.2000,1,150,0.907000,47980.502000
gist-960-euclidean,DeXOR,2,0,1,0.2000,1,200,0.922000,60043.782000
gist-960-euclidean,DeXOR,2,0,1,0.2000,1,300,0.951000,84999.536000
gist-960-euclidean,DeXOR,2,0,1,0.2000,1,400,0.963000,106969.216000
gist-960-euclidean,DeXOR,2,0,1,0.3000,1,10,0.455000,9433.673000
gist-960-euclidean,DeXOR,2,0,1,0.3000,1,20,0.606000,14601.300000
gist-960-euclidean,DeXOR,2,0,1,0.3000,1,30,0.701000,19328.863000
gist-960-euclidean,DeXOR,2,0,1,0.3000,1,40,0.733000,23445.166000
gist-960-euclidean,DeXOR,2,0,1,0.3000,1,50,0.774000,27659.753000
gist-960-euclidean,DeXOR,2,0,1,0.3000,1,60,0.798000,32174.188000
gist-960-euclidean,DeXOR,2,0,1,0.3000,1,80,0.842000,40111.231000
gist-960-euclidean,DeXOR,2,0,1,0.3000,1,100,0.862000,47669.953000
gist-960-euclidean,DeXOR,2,0,1,0.3000,1,120,0.885000,55056.787000
gist-960-euclidean,DeXOR,2,0,1,0.3000,1,150,0.904000,67071.865000
gist-960-euclidean,DeXOR,2,0,1,0.3000,1,200,0.923000,84670.334000
gist-960-euclidean,DeXOR,2,0,1,0.3000,1,300,0.955000,120481.667000
gist-960-euclidean,DeXOR,2,0,1,0.3000,1,400,0.965000,152500.721000
gist-960-euclidean,DeXOR,2,0,1,0.5000,1,10,0.454000,16616.476000
gist-960-euclidean,DeXOR,2,0,1,0.5000,1,20,0.610000,24814.249000
gist-960-euclidean,DeXOR,2,0,1,0.5000,1,30,0.695000,33433.593000
gist-960-euclidean,DeXOR,2,0,1,0.5000,1,40,0.737000,40392.517000
gist-960-euclidean,DeXOR,2,0,1,0.5000,1,50,0.775000,47148.091000
gist-960-euclidean,DeXOR,2,0,1,0.5000,1,60,0.801000,54294.651000
gist-960-euclidean,DeXOR,2,0,1,0.5000,1,80,0.847000,69009.031000
gist-960-euclidean,DeXOR,2,0,1,0.5000,1,100,0.870000,82779.290000
gist-960-euclidean,DeXOR,2,0,1,0.5000,1,120,0.892000,94909.594000
gist-960-euclidean,DeXOR,2,0,1,0.5000,1,150,0.911000,115604.966000
gist-960-euclidean,DeXOR,2,0,1,0.5000,1,200,0.927000,146193.945000
gist-960-euclidean,DeXOR,2,0,1,0.5000,1,300,0.953000,205002.835000
gist-960-euclidean,DeXOR,2,0,1,0.5000,1,400,0.964000,257921.499000
gist-960-euclidean,DeXOR,2,1,0,0.0000,1,10,0.456000,20454.687000
gist-960-euclidean,DeXOR,2,1,0,0.0000,1,20,0.608000,31323.225000
gist-960-euclidean,DeXOR,2,1,0,0.0000,1,30,0.699000,41980.628000
gist-960-euclidean,DeXOR,2,1,0,0.0000,1,40,0.740000,51078.455000
gist-960-euclidean,DeXOR,2,1,0,0.0000,1,50,0.776000,60362.981000
gist-960-euclidean,DeXOR,2,1,0,0.0000,1,60,0.802000,69624.183000
gist-960-euclidean,DeXOR,2,1,0,0.0000,1,80,0.847000,86957.549000
gist-960-euclidean,DeXOR,2,1,0,0.0000,1,100,0.873000,104269.143000
gist-960-euclidean,DeXOR,2,1,0,0.0000,1,120,0.893000,121902.405000
gist-960-euclidean,DeXOR,2,1,0,0.0000,1,150,0.905000,148980.882000
gist-960-euclidean,DeXOR,2,1,0,0.0000,1,200,0.928000,190262.835000
gist-960-euclidean,DeXOR,2,1,0,0.0000,1,300,0.954000,264433.842000
gist-960-euclidean,DeXOR,2,1,0,0.0000,1,400,0.965000,336095.019000
gist-960-euclidean,DeXOR,2,1,1,0.1000,1,10,0.428000,2434.601000
gist-960-euclidean,DeXOR,2,1,1,0.1000,1,20,0.558000,3694.875000
gist-960-euclidean,DeXOR,2,1,1,0.1000,1,30,0.646000,4933.802000
gist-960-euclidean,DeXOR,2,1,1,0.1000,1,40,0.705000,6220.950000
gist-960-euclidean,DeXOR,2,1,1,0.1000,1,50,0.737000,7714.347000
gist-960-euclidean,DeXOR,2,1,1,0.1000,1,60,0.771000,8568.097000
gist-960-euclidean,DeXOR,2,1,1,0.1000,1,80,0.806000,10414.567000
gist-960-euclidean,DeXOR,2,1,1,0.1000,1,100,0.838000,12779.939000
gist-960-euclidean,DeXOR,2,1,1,0.1000,1,120,0.868000,14815.333000
gist-960-euclidean,DeXOR,2,1,1,0.1000,1,150,0.891000,18285.614000
gist-960-euclidean,DeXOR,2,1,1,0.1000,1,200,0.910000,23852.283000
gist-960-euclidean,DeXOR,2,1,1,0.1000,1,300,0.938000,35720.488000
gist-960-euclidean,DeXOR,2,1,1,0.1000,1,400,0.948000,46026.854000
gist-960-euclidean,DeXOR,2,1,1,0.2000,1,10,0.442000,4157.875000
gist-960-euclidean,DeXOR,2,1,1,0.2000,1,20,0.595000,6449.966000
gist-960-euclidean,DeXOR,2,1,1,0.2000,1,30,0.684000,8482.447000
gist-960-euclidean,DeXOR,2,1,1,0.2000,1,40,0.729000,10498.395000
gist-960-euclidean,DeXOR,2,1,1,0.2000,1,50,0.766000,12223.508000
gist-960-euclidean,DeXOR,2,1,1,0.2000,1,60,0.790000,14314.519000
gist-960-euclidean,DeXOR,2,1,1,0.2000,1,80,0.840000,17925.270000
gist-960-euclidean,DeXOR,2,1,1,0.2000,1,100,0.859000,21182.701000
gist-960-euclidean,DeXOR,2,1,1,0.2000,1,120,0.884000,24790.890000
gist-960-euclidean,DeXOR,2,1,1,0.2000,1,150,0.907000,30106.168000
gist-960-euclidean,DeXOR,2,1,1,0.2000,1,200,0.922000,38952.781000
gist-960-euclidean,DeXOR,2,1,1,0.2000,1,300,0.951000,55341.921000
gist-960-euclidean,DeXOR,2,1,1,0.2000,1,400,0.963000,70780.302000
gist-960-euclidean,DeXOR,2,1,1,0.3000,1,10,0.455000,6055.075000
gist-960-euclidean,DeXOR,2,1,1,0.3000,1,20,0.606000,9596.536000
gist-960-euclidean,DeXOR,2,1,1,0.3000,1,30,0.701000,12441.167000
gist-960-euclidean,DeXOR,2,1,1,0.3000,1,40,0.733000,15167.211000
gist-960-euclidean,DeXOR,2,1,1,0.3000,1,50,0.774000,17994.307000
gist-960-euclidean,DeXOR,2,1,1,0.3000,1,60,0.798000,21070.165000
gist-960-euclidean,DeXOR,2,1,1,0.3000,1,80,0.842000,26331.575000
gist-960-euclidean,DeXOR,2,1,1,0.3000,1,100,0.862000,29854.332000
gist-960-euclidean,DeXOR,2,1,1,0.3000,1,120,0.885000,31259.783000
gist-960-euclidean,DeXOR,2,1,1,0.3000,1,150,0.904000,37074.661000
gist-960-euclidean,DeXOR,2,1,1,0.3000,1,200,0.923000,47389.391000
gist-960-euclidean,DeXOR,2,1,1,0.3000,1,300,0.955000,67347.430000
gist-960-euclidean,DeXOR,2,1,1,0.3000,1,400,0.965000,85312.676000
gist-960-euclidean,DeXOR,2,1,1,0.5000,1,10,0.454000,8581.918000
gist-960-euclidean,DeXOR,2,1,1,0.5000,1,20,0.610000,13516.297000
gist-960-euclidean,DeXOR,2,1,1,0.5000,1,30,0.695000,17846.352000
gist-960-euclidean,DeXOR,2,1,1,0.5000,1,40,0.737000,21958.303000
gist-960-euclidean,DeXOR,2,1,1,0.5000,1,50,0.775000,25966.297000
gist-960-euclidean,DeXOR,2,1,1,0.5000,1,60,0.801000,30124.549000
gist-960-euclidean,DeXOR,2,1,1,0.5000,1,80,0.847000,37706.708000
gist-960-euclidean,DeXOR,2,1,1,0.5000,1,100,0.870000,45390.408000
gist-960-euclidean,DeXOR,2,1,1,0.5000,1,120,0.892000,52582.882000
gist-960-euclidean,DeXOR,2,1,1,0.5000,1,150,0.911000,63257.599000
gist-960-euclidean,DeXOR,2,1,1,0.5000,1,200,0.927000,81723.312000
gist-960-euclidean,DeXOR,2,1,1,0.5000,1,300,0.953000,114325.462000
gist-960-euclidean,DeXOR,2,1,1,0.5000,1,400,0.964000,145658.875000
gist-960-euclidean,DeXOR,5,0,0,0.0000,1,10,0.461000,63168.754000
gist-960-euclidean,DeXOR,5,0,0,0.0000,1,20,0.620000,100468.801000
gist-960-euclidean,DeXOR,5,0,0,0.0000,1,30,0.704000,131284.357000
gist-960-euclidean,DeXOR,5,0,0,0.0000,1,40,0.748000,161696.688000
gist-960-euclidean,DeXOR,5,0,0,0.0000,1,50,0.780000,192494.797000
gist-960-euclidean,DeXOR,5,0,0,0.0000,1,60,0.805000,223489.541000
gist-960-euclidean,DeXOR,5,0,0,0.0000,1,80,0.836000,279270.923000
gist-960-euclidean,DeXOR,5,0,0,0.0000,1,100,0.864000,336433.725000
gist-960-euclidean,DeXOR,5,0,0,0.0000,1,120,0.880000,391412.720000
gist-960-euclidean,DeXOR,5,0,0,0.0000,1,150,0.906000,471981.219000
gist-960-euclidean,DeXOR,5,0,0,0.0000,1,200,0.929000,598742.539000
gist-960-euclidean,DeXOR,5,0,0,0.0000,1,300,0.946000,845561.159000
gist-960-euclidean,DeXOR,5,0,0,0.0000,1,400,0.960000,1071027.638000
gist-960-euclidean,DeXOR,5,0,1,0.1000,1,10,0.448000,6896.123000
gist-960-euclidean,DeXOR,5,0,1,0.1000,1,20,0.596000,10665.106000
gist-960-euclidean,DeXOR,5,0,1,0.1000,1,30,0.665000,14321.907000
gist-960-euclidean,DeXOR,5,0,1,0.1000,1,40,0.715000,17932.226000
gist-960-euclidean,DeXOR,5,0,1,0.1000,1,50,0.739000,22030.338000
gist-960-euclidean,DeXOR,5,0,1,0.1000,1,60,0.766000,24831.135000
gist-960-euclidean,DeXOR,5,0,1,0.1000,1,80,0.815000,31708.689000
gist-960-euclidean,DeXOR,5,0,1,0.1000,1,100,0.845000,37961.731000
gist-960-euclidean,DeXOR,5,0,1,0.1000,1,120,0.861000,45196.914000
gist-960-euclidean,DeXOR,5,0,1,0.1000,1,150,0.890000,54775.985000
gist-960-euclidean,DeXOR,5,0,1,0.1000,1,200,0.917000,71067.372000
gist-960-euclidean,DeXOR,5,0,1,0.1000,1,300,0.939000,104012.574000
gist-960-euclidean,DeXOR,5,0,1,0.1000,1,400,0.943000,137683.829000
gist-960-euclidean,DeXOR,5,0,1,0.2000,1,10,0.463000,12390.027000
gist-960-euclidean,DeXOR,5,0,1,0.2000,1,20,0.616000,19249.926000
gist-960-euclidean,DeXOR,5,0,1,0.2000,1,30,0.694000,25086.436000
gist-960-euclidean,DeXOR,5,0,1,0.2000,1,40,0.732000,31697.844000
gist-960-euclidean,DeXOR,5,0,1,0.2000,1,50,0.769000,36661.436000
gist-960-euclidean,DeXOR,5,0,1,0.2000,1,60,0.789000,43013.988000
gist-960-euclidean,DeXOR,5,0,1,0.2000,1,80,0.827000,53959.783000
gist-960-euclidean,DeXOR,5,0,1,0.2000,1,100,0.854000,66666.231000
gist-960-euclidean,DeXOR,5,0,1,0.2000,1,120,0.875000,75927.362000
gist-960-euclidean,DeXOR,5,0,1,0.2000,1,150,0.905000,91570.586000
gist-960-euclidean,DeXOR,5,0,1,0.2000,1,200,0.925000,117214.507000
gist-960-euclidean,DeXOR,5,0,1,0.2000,1,300,0.950000,166648.529000
gist-960-euclidean,DeXOR,5,0,1,0.2000,1,400,0.960000,214263.323000
gist-960-euclidean,DeXOR,5,0,1,0.3000,1,10,0.453000,17821.376000
gist-960-euclidean,DeXOR,5,0,1,0.3000,1,20,0.614000,28453.168000
gist-960-euclidean,DeXOR,5,0,1,0.3000,1,30,0.692000,37384.481000
gist-960-euclidean,DeXOR,5,0,1,0.3000,1,40,0.740000,46265.844000
gist-960-euclidean,DeXOR,5,0,1,0.3000,1,50,0.779000,54543.829000
gist-960-euclidean,DeXOR,5,0,1,0.3000,1,60,0.802000,62915.785000
gist-960-euclidean,DeXOR,5,0,1,0.3000,1,80,0.833000,79353.448000
gist-960-euclidean,DeXOR,5,0,1,0.3000,1,100,0.859000,95278.223000
gist-960-euclidean,DeXOR,5,0,1,0.3000,1,120,0.875000,111868.759000
gist-960-euclidean,DeXOR,5,0,1,0.3000,1,150,0.903000,136351.997000
gist-960-euclidean,DeXOR,5,0,1,0.3000,1,200,0.925000,172496.949000
gist-960-euclidean,DeXOR,5,0,1,0.3000,1,300,0.945000,241874.111000
gist-960-euclidean,DeXOR,5,0,1,0.3000,1,400,0.960000,307153.815000
gist-960-euclidean,DeXOR,5,0,1,0.5000,1,10,0.461000,30821.262000
gist-960-euclidean,DeXOR,5,0,1,0.5000,1,20,0.622000,48810.250000
gist-960-euclidean,DeXOR,5,0,1,0.5000,1,30,0.703000,64410.755000
gist-960-euclidean,DeXOR,5,0,1,0.5000,1,40,0.748000,79957.598000
gist-960-euclidean,DeXOR,5,0,1,0.5000,1,50,0.782000,95414.406000
gist-960-euclidean,DeXOR,5,0,1,0.5000,1,60,0.804000,108546.961000
gist-960-euclidean,DeXOR,5,0,1,0.5000,1,80,0.837000,137621.839000
gist-960-euclidean,DeXOR,5,0,1,0.5000,1,100,0.866000,166084.971000
gist-960-euclidean,DeXOR,5,0,1,0.5000,1,120,0.881000,192440.332000
gist-960-euclidean,DeXOR,5,0,1,0.5000,1,150,0.906000,233917.692000
gist-960-euclidean,DeXOR,5,0,1,0.5000,1,200,0.928000,297889.050000
gist-960-euclidean,DeXOR,5,0,1,0.5000,1,300,0.946000,413999.601000
gist-960-euclidean,DeXOR,5,0,1,0.5000,1,400,0.962000,532789.506000
gist-960-euclidean,DeXOR,5,1,0,0.0000,1,10,0.461000,51448.971000
gist-960-euclidean,DeXOR,5,1,0,0.0000,1,20,0.620000,83141.363000
gist-960-euclidean,DeXOR,5,1,0,0.0000,1,30,0.704000,110423.229000
gist-960-euclidean,DeXOR,5,1,0,0.0000,1,40,0.748000,135744.833000
gist-960-euclidean,DeXOR,5,1,0,0.0000,1,50,0.780000,161693.234000
gist-960-euclidean,DeXOR,5,1,0,0.0000,1,60,0.805000,184390.918000
gist-960-euclidean,DeXOR,5,1,0,0.0000,1,80,0.836000,233652.967000
gist-960-euclidean,DeXOR,5,1,0,0.0000,1,100,0.864000,281231.453000
gist-960-euclidean,DeXOR,5,1,0,0.0000,1,120,0.880000,325542.891000
gist-960-euclidean,DeXOR,5,1,0,0.0000,1,150,0.906000,392267.895000
gist-960-euclidean,DeXOR,5,1,0,0.0000,1,200,0.929000,500687.402000
gist-960-euclidean,DeXOR,5,1,0,0.0000,1,300,0.946000,708324.594000
gist-960-euclidean,DeXOR,5,1,0,0.0000,1,400,0.960000,901207.070000
gist-960-euclidean,DeXOR,5,1,1,0.1000,1,10,0.448000,5574.102000
gist-960-euclidean,DeXOR,5,1,1,0.1000,1,20,0.596000,8837.530000
gist-960-euclidean,DeXOR,5,1,1,0.1000,1,30,0.665000,11855.947000
gist-960-euclidean,DeXOR,5,1,1,0.1000,1,40,0.715000,14761.191000
gist-960-euclidean,DeXOR,5,1,1,0.1000,1,50,0.739000,17691.540000
gist-960-euclidean,DeXOR,5,1,1,0.1000,1,60,0.766000,20528.086000
gist-960-euclidean,DeXOR,5,1,1,0.1000,1,80,0.815000,26250.220000
gist-960-euclidean,DeXOR,5,1,1,0.1000,1,100,0.845000,31804.192000
gist-960-euclidean,DeXOR,5,1,1,0.1000,1,120,0.861000,37521.116000
gist-960-euclidean,DeXOR,5,1,1,0.1000,1,150,0.890000,46101.553000
gist-960-euclidean,DeXOR,5,1,1,0.1000,1,200,0.917000,60158.402000
gist-960-euclidean,DeXOR,5,1,1,0.1000,1,300,0.939000,88679.633000
gist-960-euclidean,DeXOR,5,1,1,0.1000,1,400,0.943000,116794.031000
gist-960-euclidean,DeXOR,5,1,1,0.2000,1,10,0.463000,9924.290000
gist-960-euclidean,DeXOR,5,1,1,0.2000,1,20,0.616000,15956.067000
gist-960-euclidean,DeXOR,5,1,1,0.2000,1,30,0.694000,21196.773000
gist-960-euclidean,DeXOR,5,1,1,0.2000,1,40,0.732000,26198.328000
gist-960-euclidean,DeXOR,5,1,1,0.2000,1,50,0.769000,31132.368000
gist-960-euclidean,DeXOR,5,1,1,0.2000,1,60,0.789000,36232.148000
gist-960-euclidean,DeXOR,5,1,1,0.2000,1,80,0.827000,45717.096000
gist-960-euclidean,DeXOR,5,1,1,0.2000,1,100,0.854000,54759.888000
gist-960-euclidean,DeXOR,5,1,1,0.2000,1,120,0.875000,63934.783000
gist-960-euclidean,DeXOR,5,1,1,0.2000,1,150,0.905000,78362.485000
gist-960-euclidean,DeXOR,5,1,1,0.2000,1,200,0.925000,100425.312000
gist-960-euclidean,DeXOR,5,1,1,0.2000,1,300,0.950000,140531.722000
gist-960-euclidean,DeXOR,5,1,1,0.2000,1,400,0.960000,180356.206000
gist-960-euclidean,DeXOR,5,1,1,0.3000,1,10,0.453000,14772.324000
gist-960-euclidean,DeXOR,5,1,1,0.3000,1,20,0.614000,23731.298000
gist-960-euclidean,DeXOR,5,1,1,0.3000,1,30,0.692000,31314.418000
gist-960-euclidean,DeXOR,5,1,1,0.3000,1,40,0.740000,38789.197000
gist-960-euclidean,DeXOR,5,1,1,0.3000,1,50,0.779000,45800.840000
gist-960-euclidean,DeXOR,5,1,1,0.3000,1,60,0.802000,52970.785000
gist-960-euclidean,DeXOR,5,1,1,0.3000,1,80,0.833000,66877.387000
gist-960-euclidean,DeXOR,5,1,1,0.3000,1,100,0.859000,80375.064000
gist-960-euclidean,DeXOR,5,1,1,0.3000,1,120,0.875000,93628.403000
gist-960-euclidean,DeXOR,5,1,1,0.3000,1,150,0.903000,112652.270000
gist-960-euclidean,DeXOR,5,1,1,0.3000,1,200,0.925000,144166.811000
gist-960-euclidean,DeXOR,5,1,1,0.3000,1,300,0.945000,203217.390000
gist-960-euclidean,DeXOR,5,1,1,0.3000,1,400,0.960000,259225.417000
gist-960-euclidean,DeXOR,5,1,1,0.5000,1,10,0.461000,25248.843000
gist-960-euclidean,DeXOR,5,1,1,0.5000,1,20,0.622000,40540.465000
gist-960-euclidean,DeXOR,5,1,1,0.5000,1,30,0.703000,53761.335000
gist-960-euclidean,DeXOR,5,1,1,0.5000,1,40,0.748000,66517.043000
gist-960-euclidean,DeXOR,5,1,1,0.5000,1,50,0.782000,78795.830000
gist-960-euclidean,DeXOR,5,1,1,0.5000,1,60,0.804000,90925.813000
gist-960-euclidean,DeXOR,5,1,1,0.5000,1,80,0.837000,114825.622000
gist-960-euclidean,DeXOR,5,1,1,0.5000,1,100,0.866000,138108.967000
gist-960-euclidean,DeXOR,5,1,1,0.5000,1,120,0.881000,160792.102000
gist-960-euclidean,DeXOR,5,1,1,0.5000,1,150,0.906000,193719.965000
gist-960-euclidean,DeXOR,5,1,1,0.5000,1,200,0.928000,247576.110000
gist-960-euclidean,DeXOR,5,1,1,0.5000,1,300,0.946000,348299.594000
gist-960-euclidean,DeXOR,5,1,1,0.5000,1,400,0.962000,443086.013000
gist-960-euclidean,DeXOR,-1,0,0,0.0000,1,10,0.483000,99242.586000
gist-960-euclidean,DeXOR,-1,0,0,0.0000,1,20,0.609000,160606.995000
gist-960-euclidean,DeXOR,-1,0,0,0.0000,1,30,0.677000,214643.392000
gist-960-euclidean,DeXOR,-1,0,0,0.0000,1,40,0.728000,265603.351000
gist-960-euclidean,DeXOR,-1,0,0,0.0000,1,50,0.767000,314026.686000
gist-960-euclidean,DeXOR,-1,0,0,0.0000,1,60,0.801000,362990.803000
gist-960-euclidean,DeXOR,-1,0,0,0.0000,1,80,0.836000,455367.489000
gist-960-euclidean,DeXOR,-1,0,0,0.0000,1,100,0.862000,548815.119000
gist-960-euclidean,DeXOR,-1,0,0,0.0000,1,120,0.878000,637679.048000
gist-960-euclidean,DeXOR,-1,0,0,0.0000,1,150,0.899000,772131.469000
gist-960-euclidean,DeXOR,-1,0,0,0.0000,1,200,0.912000,984876.784000
gist-960-euclidean,DeXOR,-1,0,0,0.0000,1,300,0.930000,1385663.021000
gist-960-euclidean,DeXOR,-1,0,0,0.0000,1,400,0.942000,1766803.431000
gist-960-euclidean,DeXOR,-1,0,1,0.1000,1,10,0.429000,10990.480000
gist-960-euclidean,DeXOR,-1,0,1,0.1000,1,20,0.585000,17480.857000
gist-960-euclidean,DeXOR,-1,0,1,0.1000,1,30,0.670000,23017.725000
gist-960-euclidean,DeXOR,-1,0,1,0.1000,1,40,0.708000,28723.612000
gist-960-euclidean,DeXOR,-1,0,1,0.1000,1,50,0.742000,34208.105000
gist-960-euclidean,DeXOR,-1,0,1,0.1000,1,60,0.771000,40641.728000
gist-960-euclidean,DeXOR,-1,0,1,0.1000,1,80,0.803000,51512.606000
gist-960-euclidean,DeXOR,-1,0,1,0.1000,1,100,0.844000,62093.019000
gist-960-euclidean,DeXOR,-1,0,1,0.1000,1,120,0.860000,73052.413000
gist-960-euclidean,DeXOR,-1,0,1,0.1000,1,150,0.879000,89450.849000
gist-960-euclidean,DeXOR,-1,0,1,0.1000,1,200,0.900000,117137.737000
gist-960-euclidean,DeXOR,-1,0,1,0.1000,1,300,0.914000,172584.928000
gist-960-euclidean,DeXOR,-1,0,1,0.1000,1,400,0.930000,226277.029000
gist-960-euclidean,DeXOR,-1,0,1,0.2000,1,10,0.481000,19202.069000
gist-960-euclidean,DeXOR,-1,0,1,0.2000,1,20,0.602000,30814.654000
gist-960-euclidean,DeXOR,-1,0,1,0.2000,1,30,0.668000,40890.715000
gist-960-euclidean,DeXOR,-1,0,1,0.2000,1,40,0.715000,50528.186000
gist-960-euclidean,DeXOR,-1,0,1,0.2000,1,50,0.756000,59946.747000
gist-960-euclidean,DeXOR,-1,0,1,0.2000,1,60,0.793000,69367.782000
gist-960-euclidean,DeXOR,-1,0,1,0.2000,1,80,0.830000,87504.254000
gist-960-euclidean,DeXOR,-1,0,1,0.2000,1,100,0.860000,105412.007000
gist-960-euclidean,DeXOR,-1,0,1,0.2000,1,120,0.879000,123339.388000
gist-960-euclidean,DeXOR,-1,0,1,0.2000,1,150,0.893000,148981.644000
gist-960-euclidean,DeXOR,-1,0,1,0.2000,1,200,0.908000,191359.807000
gist-960-euclidean,DeXOR,-1,0,1,0.2000,1,300,0.929000,273801.517000
gist-960-euclidean,DeXOR,-1,0,1,0.2000,1,400,0.941000,353096.837000
gist-960-euclidean,DeXOR,-1,0,1,0.3000,1,10,0.477000,28515.472000
gist-960-euclidean,DeXOR,-1,0,1,0.3000,1,20,0.608000,46149.243000
gist-960-euclidean,DeXOR,-1,0,1,0.3000,1,30,0.672000,61917.115000
gist-960-euclidean,DeXOR,-1,0,1,0.3000,1,40,0.715000,75886.505000
gist-960-euclidean,DeXOR,-1,0,1,0.3000,1,50,0.760000,90812.231000
gist-960-euclidean,DeXOR,-1,0,1,0.3000,1,60,0.798000,104468.456000
gist-960-euclidean,DeXOR,-1,0,1,0.3000,1,80,0.826000,137656.297000
gist-960-euclidean,DeXOR,-1,0,1,0.3000,1,100,0.850000,182985.406000
gist-960-euclidean,DeXOR,-1,0,1,0.3000,1,120,0.871000,210175.908000
gist-960-euclidean,DeXOR,-1,0,1,0.3000,1,150,0.892000,252446.568000
gist-960-euclidean,DeXOR,-1,0,1,0.3000,1,200,0.910000,321013.031000
gist-960-euclidean,DeXOR,-1,0,1,0.3000,1,300,0.939000,459447.161000
gist-960-euclidean,DeXOR,-1,0,1,0.3000,1,400,0.939000,585824.734000
gist-960-euclidean,DeXOR,-1,0,1,0.5000,1,10,0.483000,57101.755000
gist-960-euclidean,DeXOR,-1,0,1,0.5000,1,20,0.611000,91819.346000
gist-960-euclidean,DeXOR,-1,0,1,0.5000,1,30,0.678000,119653.343000
gist-960-euclidean,DeXOR,-1,0,1,0.5000,1,40,0.726000,148566.445000
gist-960-euclidean,DeXOR,-1,0,1,0.5000,1,50,0.766000,174829.761000
gist-960-euclidean,DeXOR,-1,0,1,0.5000,1,60,0.796000,202260.203000
gist-960-euclidean,DeXOR,-1,0,1,0.5000,1,80,0.832000,256233.445000
gist-960-euclidean,DeXOR,-1,0,1,0.5000,1,100,0.858000,308886.971000
gist-960-euclidean,DeXOR,-1,0,1,0.5000,1,120,0.877000,357424.914000
gist-960-euclidean,DeXOR,-1,0,1,0.5000,1,150,0.896000,431542.694000
gist-960-euclidean,DeXOR,-1,0,1,0.5000,1,200,0.915000,545398.908000
gist-960-euclidean,DeXOR,-1,0,1,0.5000,1,300,0.937000,770692.723000
gist-960-euclidean,DeXOR,-1,0,1,0.5000,1,400,0.940000,986310.272000
gist-960-euclidean,DeXOR,-1,1,0,0.0000,1,10,0.483000,102413.375000
gist-960-euclidean,DeXOR,-1,1,0,0.0000,1,20,0.609000,168399.149000
gist-960-euclidean,DeXOR,-1,1,0,0.0000,1,30,0.677000,222654.305000
gist-960-euclidean,DeXOR,-1,1,0,0.0000,1,40,0.728000,274468.128000
gist-960-euclidean,DeXOR,-1,1,0,0.0000,1,50,0.767000,325933.000000
gist-960-euclidean,DeXOR,-1,1,0,0.0000,1,60,0.801000,376675.839000
gist-960-euclidean,DeXOR,-1,1,0,0.0000,1,80,0.836000,471263.103000
gist-960-euclidean,DeXOR,-1,1,0,0.0000,1,100,0.862000,568493.845000
gist-960-euclidean,DeXOR,-1,1,0,0.0000,1,120,0.878000,663143.628000
gist-960-euclidean,DeXOR,-1,1,0,0.0000,1,150,0.899000,796951.705000
gist-960-euclidean,DeXOR,-1,1,0,0.0000,1,200,0.912000,1016144.839000
gist-960-euclidean,DeXOR,-1,1,0,0.0000,1,300,0.930000,1455281.133000
gist-960-euclidean,DeXOR,-1,1,0,0.0000,1,400,0.942000,1856687.836000
gist-960-euclidean,DeXOR,-1,1,1,0.1000,1,10,0.429000,10972.798000
gist-960-euclidean,DeXOR,-1,1,1,0.1000,1,20,0.585000,17981.493000
gist-960-euclidean,DeXOR,-1,1,1,0.1000,1,30,0.670000,23080.913000
gist-960-euclidean,DeXOR,-1,1,1,0.1000,1,40,0.708000,28988.086000
gist-960-euclidean,DeXOR,-1,1,1,0.1000,1,50,0.742000,36166.485000
gist-960-euclidean,DeXOR,-1,1,1,0.1000,1,60,0.771000,40929.237000
gist-960-euclidean,DeXOR,-1,1,1,0.1000,1,80,0.803000,53788.673000
gist-960-euclidean,DeXOR,-1,1,1,0.1000,1,100,0.844000,64629.891000
gist-960-euclidean,DeXOR,-1,1,1,0.1000,1,120,0.860000,76264.662000
gist-960-euclidean,DeXOR,-1,1,1,0.1000,1,150,0.879000,90588.186000
gist-960-euclidean,DeXOR,-1,1,1,0.1000,1,200,0.900000,122405.595000
gist-960-euclidean,DeXOR,-1,1,1,0.1000,1,300,0.914000,181107.728000
gist-960-euclidean,DeXOR,-1,1,1,0.1000,1,400,0.930000,238230.984000
gist-960-euclidean,DeXOR,-1,1,1,0.2000,1,10,0.481000,20090.050000
gist-960-euclidean,DeXOR,-1,1,1,0.2000,1,20,0.602000,31326.847000
gist-960-euclidean,DeXOR,-1,1,1,0.2000,1,30,0.668000,42706.814000
gist-960-euclidean,DeXOR,-1,1,1,0.2000,1,40,0.715000,52356.118000
gist-960-euclidean,DeXOR,-1,1,1,0.2000,1,50,0.756000,62264.883000
gist-960-euclidean,DeXOR,-1,1,1,0.2000,1,60,0.793000,72451.671000
gist-960-euclidean,DeXOR,-1,1,1,0.2000,1,80,0.830000,90712.176000
gist-960-euclidean,DeXOR,-1,1,1,0.2000,1,100,0.860000,108857.084000
gist-960-euclidean,DeXOR,-1,1,1,0.2000,1,120,0.879000,127710.969000
gist-960-euclidean,DeXOR,-1,1,1,0.2000,1,150,0.893000,154646.581000
gist-960-euclidean,DeXOR,-1,1,1,0.2000,1,200,0.908000,198630.374000
gist-960-euclidean,DeXOR,-1,1,1,0.2000,1,300,0.929000,281578.139000
gist-960-euclidean,DeXOR,-1,1,1,0.2000,1,400,0.941000,374041.243000
gist-960-euclidean,DeXOR,-1,1,1,0.3000,1,10,0.477000,30567.467000
gist-960-euclidean,DeXOR,-1,1,1,0.3000,1,20,0.608000,49442.442000
gist-960-euclidean,DeXOR,-1,1,1,0.3000,1,30,0.672000,64468.724000
gist-960-euclidean,DeXOR,-1,1,1,0.3000,1,40,0.715000,79404.680000
gist-960-euclidean,DeXOR,-1,1,1,0.3000,1,50,0.760000,94013.787000
gist-960-euclidean,DeXOR,-1,1,1,0.3000,1,60,0.798000,109126.564000
gist-960-euclidean,DeXOR,-1,1,1,0.3000,1,80,0.826000,137924.741000
gist-960-euclidean,DeXOR,-1,1,1,0.3000,1,100,0.850000,164472.712000
gist-960-euclidean,DeXOR,-1,1,1,0.3000,1,120,0.871000,190184.179000
gist-960-euclidean,DeXOR,-1,1,1,0.3000,1,150,0.892000,239750.655000
gist-960-euclidean,DeXOR,-1,1,1,0.3000,1,200,0.910000,304719.600000
gist-960-euclidean,DeXOR,-1,1,1,0.3000,1,300,0.939000,431581.758000
gist-960-euclidean,DeXOR,-1,1,1,0.3000,1,400,0.939000,546028.472000
gist-960-euclidean,DeXOR,-1,1,1,0.5000,1,10,0.483000,51253.131000
gist-960-euclidean,DeXOR,-1,1,1,0.5000,1,20,0.611000,83947.179000
gist-960-euclidean,DeXOR,-1,1,1,0.5000,1,30,0.678000,112299.766000
gist-960-euclidean,DeXOR,-1,1,1,0.5000,1,40,0.726000,138128.611000
gist-960-euclidean,DeXOR,-1,1,1,0.5000,1,50,0.766000,162855.246000
gist-960-euclidean,DeXOR,-1,1,1,0.5000,1,60,0.796000,189449.220000
gist-960-euclidean,DeXOR,-1,1,1,0.5000,1,80,0.832000,238124.826000
gist-960-euclidean,DeXOR,-1,1,1,0.5000,1,100,0.858000,285510.800000
gist-960-euclidean,DeXOR,-1,1,1,0.5000,1,120,0.877000,332808.269000
gist-960-euclidean,DeXOR,-1,1,1,0.5000,1,150,0.896000,397943.318000
gist-960-euclidean,DeXOR,-1,1,1,0.5000,1,200,0.915000,509791.575000
gist-960-euclidean,DeXOR,-1,1,1,0.5000,1,300,0.937000,723602.613000
gist-960-euclidean,DeXOR,-1,1,1,0.5000,1,400,0.940000,923656.168000
