Dataset,Algorithm,ChainMaxLength,Vectors,Dim,BuildTime(s),CompressTime(s),DataCompressionRatio,IndexCompressionRatio,IndexFile
fashion-mnist-784-euclidean,DeXOR,2,60000,784,6.236799,28.064039,7.432191,6.960901,fashion-mnist-784-euclidean_DeXOR_ch2_pq.bin
fashion-mnist-784-euclidean,DeXOR,5,60000,784,7.491833,89.877854,7.630513,7.130755,fashion-mnist-784-euclidean_DeXOR_ch5_pq.bin
fashion-mnist-784-euclidean,DeXOR,-1,60000,784,7.747844,41.335196,7.716631,7.204216,fashion-mnist-784-euclidean_DeXOR_chunlim_pq.bin
fashion-mnist-784-euclidean,Gorilla,2,60000,784,7.354540,25.712867,1.754575,1.758311,fashion-mnist-784-euclidean_Gorilla_ch2_pq.bin
fashion-mnist-784-euclidean,Gorilla,5,60000,784,7.651601,80.098169,5.644841,5.398256,fashion-mnist-784-euclidean_Gorilla_ch5_pq.bin
fashion-mnist-784-euclidean,Gorilla,-1,60000,784,7.470210,30.396097,6.008580,5.721693,fashion-mnist-784-euclidean_Gorilla_chunlim_pq.bin
fashion-mnist-784-euclidean,Elf,2,60000,784,7.410514,27.509289,4.756651,4.596827,fashion-mnist-784-euclidean_Elf_ch2_pq.bin
fashion-mnist-784-euclidean,Elf,5,60000,784,7.589182,80.970065,5.613614,5.370220,fashion-mnist-784-euclidean_Elf_ch5_pq.bin
fashion-mnist-784-euclidean,Elf,-1,60000,784,7.860642,36.137952,5.673906,5.424196,fashion-mnist-784-euclidean_Elf_chunlim_pq.bin
fashion-mnist-784-euclidean,Camel,2,60000,784,7.920067,29.024549,3.812036,3.725819,fashion-mnist-784-euclidean_Camel_ch2_pq.bin
fashion-mnist-784-euclidean,Camel,5,60000,784,7.320029,86.760276,3.910801,3.817799,fashion-mnist-784-euclidean_Camel_ch5_pq.bin
fashion-mnist-784-euclidean,Camel,-1,60000,784,7.293933,40.198799,3.941748,3.846527,fashion-mnist-784-euclidean_Camel_chunlim_pq.bin
fashion-mnist-784-euclidean,DeXORPlus,2,60000,784,7.555949,27.505503,6.781220,6.399896,fashion-mnist-784-euclidean_DeXORPlus_ch2_pq.bin
fashion-mnist-784-euclidean,DeXORPlus,5,60000,784,7.075427,87.698676,6.941832,6.539172,fashion-mnist-784-euclidean_DeXORPlus_ch5_pq.bin
fashion-mnist-784-euclidean,DeXORPlus,-1,60000,784,7.939776,42.154679,7.000746,6.590051,fashion-mnist-784-euclidean_DeXORPlus_chunlim_pq.bin
gist-960-euclidean,DeXOR,2,1000000,960,321.851760,726.846453,1.201172,1.210794,gist-960-euclidean_DeXOR_ch2_pq.bin
gist-960-euclidean,DeXOR,5,1000000,960,312.270954,21841.015105,1.186768,1.196445,gist-960-euclidean_DeXOR_ch5_pq.bin
gist-960-euclidean,DeXOR,-1,1000000,960,307.525238,2497.728640,1.184272,1.193954,gist-960-euclidean_DeXOR_chunlim_pq.bin
gist-960-euclidean,Gorilla,2,1000000,960,308.671746,169.854843,0.971899,0.981865,gist-960-euclidean_Gorilla_ch2_pq.bin
gist-960-euclidean,Gorilla,5,1000000,960,264.412537,20554.283290,1.945251,1.946828,gist-960-euclidean_Gorilla_ch5_pq.bin
gist-960-euclidean,Gorilla,-1,1000000,960,289.661666,243.021401,1.988746,1.989528,gist-960-euclidean_Gorilla_chunlim_pq.bin
gist-960-euclidean,Elf,2,1000000,960,274.677550,216.072942,1.634037,1.640264,gist-960-euclidean_Elf_ch2_pq.bin
gist-960-euclidean,Elf,5,1000000,960,277.535635,23154.575621,1.890983,1.893491,gist-960-euclidean_Elf_ch5_pq.bin
gist-960-euclidean,Elf,-1,1000000,960,258.977608,432.221431,1.907022,1.909275,gist-960-euclidean_Elf_chunlim_pq.bin
gist-960-euclidean,Camel,2,1000000,960,289.788908,197.108104,3.579107,3.526689,gist-960-euclidean_Camel_ch2_pq.bin
gist-960-euclidean,Camel,5,1000000,960,299.833379,20753.101282,3.579112,3.526685,gist-960-euclidean_Camel_ch5_pq.bin
gist-960-euclidean,Camel,-1,1000000,960,307.958278,293.983188,3.579072,3.526637,gist-960-euclidean_Camel_chunlim_pq.bin
gist-960-euclidean,DeXORPlus,2,1000000,960,448.778062,533.504296,5.655529,5.465259,gist-960-euclidean_DeXORPlus_ch2_pq.bin
gist-960-euclidean,DeXORPlus,5,1000000,960,458.589351,32589.285976,5.542285,5.361485,gist-960-euclidean_DeXORPlus_ch5_pq.bin
gist-960-euclidean,DeXORPlus,-1,1000000,960,378.295934,855.536380,5.581705,5.397618,gist-960-euclidean_DeXORPlus_chunlim_pq.bin
mnist-784-euclidean,DeXOR,2,60000,784,9.036132,27.211006,12.098972,10.471261,mnist-784-euclidean_DeXOR_ch2_pq.bin
mnist-784-euclidean,DeXOR,5,60000,784,9.267711,36.056467,12.379233,10.674961,mnist-784-euclidean_DeXOR_ch5_pq.bin
mnist-784-euclidean,DeXOR,-1,60000,784,9.236529,34.862915,12.492738,10.756724,mnist-784-euclidean_DeXOR_chunlim_pq.bin
mnist-784-euclidean,Gorilla,2,60000,784,9.213459,25.890234,4.176233,4.022855,mnist-784-euclidean_Gorilla_ch2_pq.bin
mnist-784-euclidean,Gorilla,5,60000,784,9.122041,30.279525,10.350114,9.163037,mnist-784-euclidean_Gorilla_ch5_pq.bin
mnist-784-euclidean,Gorilla,-1,60000,784,9.249795,27.261138,11.264274,9.854086,mnist-784-euclidean_Gorilla_chunlim_pq.bin
mnist-784-euclidean,Elf,2,60000,784,9.253526,29.069698,8.216803,7.483580,mnist-784-euclidean_Elf_ch2_pq.bin
mnist-784-euclidean,Elf,5,60000,784,9.128752,34.873442,9.208128,8.274851,mnist-784-euclidean_Elf_ch5_pq.bin
mnist-784-euclidean,Elf,-1,60000,784,9.230162,33.448091,9.321965,8.365296,mnist-784-euclidean_Elf_chunlim_pq.bin
mnist-784-euclidean,Camel,2,60000,784,9.146537,31.163719,5.433344,5.141698,mnist-784-euclidean_Camel_ch2_pq.bin
mnist-784-euclidean,Camel,5,60000,784,9.174144,37.648540,5.561977,5.253556,mnist-784-euclidean_Camel_ch5_pq.bin
mnist-784-euclidean,Camel,-1,60000,784,9.723996,39.129700,5.593729,5.281700,mnist-784-euclidean_Camel_chunlim_pq.bin
mnist-784-euclidean,DeXORPlus,2,60000,784,9.144543,26.876809,10.240960,9.080582,mnist-784-euclidean_DeXORPlus_ch2_pq.bin
mnist-784-euclidean,DeXORPlus,5,60000,784,9.337742,36.848597,10.429982,9.223802,mnist-784-euclidean_DeXORPlus_ch5_pq.bin
mnist-784-euclidean,DeXORPlus,-1,60000,784,9.846065,37.967364,10.523415,9.294311,mnist-784-euclidean_DeXORPlus_chunlim_pq.bin
sift-128-euclidean,DeXOR,2,1000000,128,71.992613,57.587137,6.389919,4.366037,sift-128-euclidean_DeXOR_ch2_pq.bin
sift-128-euclidean,DeXOR,5,1000000,128,70.522737,141.207272,6.421764,4.379371,sift-128-euclidean_DeXOR_ch5_pq.bin
sift-128-euclidean,DeXOR,-1,1000000,128,64.742747,109.912923,6.569291,4.438154,sift-128-euclidean_DeXOR_chunlim_pq.bin
sift-128-euclidean,Gorilla,2,1000000,128,85.159587,56.216996,1.148836,1.175879,sift-128-euclidean_Gorilla_ch2_pq.bin
sift-128-euclidean,Gorilla,5,1000000,128,76.101298,115.368590,3.882294,3.154759,sift-128-euclidean_Gorilla_ch5_pq.bin
sift-128-euclidean,Gorilla,-1,1000000,128,74.293064,68.408408,4.440200,3.462233,sift-128-euclidean_Gorilla_chunlim_pq.bin
sift-128-euclidean,Elf,2,1000000,128,80.540886,61.559640,3.686186,3.040651,sift-128-euclidean_Elf_ch2_pq.bin
sift-128-euclidean,Elf,5,1000000,128,67.713074,117.333846,4.440438,3.461997,sift-128-euclidean_Elf_ch5_pq.bin
sift-128-euclidean,Elf,-1,1000000,128,69.242383,91.041176,4.599940,3.546081,sift-128-euclidean_Elf_chunlim_pq.bin
sift-128-euclidean,Camel,2,1000000,128,71.599488,55.605377,3.462723,2.905534,sift-128-euclidean_Camel_ch2_pq.bin
sift-128-euclidean,Camel,5,1000000,128,65.819341,121.501113,3.666339,3.028378,sift-128-euclidean_Camel_ch5_pq.bin
sift-128-euclidean,Camel,-1,1000000,128,75.246332,93.953871,3.819896,3.118624,sift-128-euclidean_Camel_chunlim_pq.bin
sift-128-euclidean,DeXORPlus,2,1000000,128,66.599423,60.834669,5.918773,4.169580,sift-128-euclidean_DeXORPlus_ch2_pq.bin
sift-128-euclidean,DeXORPlus,5,1000000,128,65.063855,140.952775,5.942540,4.178664,sift-128-euclidean_DeXORPlus_ch5_pq.bin
sift-128-euclidean,DeXORPlus,-1,1000000,128,77.273744,105.214747,6.066435,4.232999,sift-128-euclidean_DeXORPlus_chunlim_pq.bin
deep-image-96-angular,DeXOR,-1,9990000,96,791.694643,2938.785608,1.095395,1.131793,deep-image-96-angular_DeXOR_chunlim_pq.bin
deep-image-96-angular,Gorilla,-1,9990000,96,727.802118,244.942526,1.759615,1.677719,deep-image-96-angular_Gorilla_chunlim_pq.bin
deep-image-96-angular,Elf,-1,9990000,96,693.315659,442.981092,1.739938,1.662769,deep-image-96-angular_Elf_chunlim_pq.bin
deep-image-96-angular,Camel,-1,9990000,96,691.168163,280.362115,3.281775,2.658623,deep-image-96-angular_Camel_chunlim_pq.bin
fashion-mnist-784-euclidean,DeXOR,3,60000,784,3.788064,76.999440,7.520189,7.037057,fashion-mnist-784-euclidean_DeXOR_ch3_pq.bin
fashion-mnist-784-euclidean,DeXOR,4,60000,784,4.288526,82.078008,7.597279,7.102541,fashion-mnist-784-euclidean_DeXOR_ch4_pq.bin
fashion-mnist-784-euclidean,DeXOR,6,60000,784,4.255246,45.936709,7.661120,7.156938,fashion-mnist-784-euclidean_DeXOR_ch6_pq.bin
fashion-mnist-784-euclidean,DeXOR,7,60000,784,4.193264,38.141502,7.688969,7.180577,fashion-mnist-784-euclidean_DeXOR_ch7_pq.bin
fashion-mnist-784-euclidean,DeXOR,8,60000,784,4.260601,35.459708,7.697238,7.187549,fashion-mnist-784-euclidean_DeXOR_ch8_pq.bin
fashion-mnist-784-euclidean,Gorilla,3,60000,784,3.913054,72.729403,4.727481,4.570251,fashion-mnist-784-euclidean_Gorilla_ch3_pq.bin
fashion-mnist-784-euclidean,Gorilla,4,60000,784,4.337094,72.595649,5.364794,5.147692,fashion-mnist-784-euclidean_Gorilla_ch4_pq.bin
fashion-mnist-784-euclidean,Gorilla,6,60000,784,3.719574,33.941198,5.795828,5.532612,fashion-mnist-784-euclidean_Gorilla_ch6_pq.bin
fashion-mnist-784-euclidean,Gorilla,7,60000,784,3.727563,28.608349,5.890511,5.617433,fashion-mnist-784-euclidean_Gorilla_ch7_pq.bin
fashion-mnist-784-euclidean,Gorilla,8,60000,784,3.797891,23.714659,5.938745,5.659691,fashion-mnist-784-euclidean_Gorilla_ch8_pq.bin
fashion-mnist-784-euclidean,Elf,3,60000,784,4.126903,75.725569,5.498017,5.267020,fashion-mnist-784-euclidean_Elf_ch3_pq.bin
fashion-mnist-784-euclidean,Elf,4,60000,784,3.940934,80.356240,5.573483,5.334234,fashion-mnist-784-euclidean_Elf_ch4_pq.bin
fashion-mnist-784-euclidean,Elf,6,60000,784,4.520743,41.730421,5.640560,5.394559,fashion-mnist-784-euclidean_Elf_ch6_pq.bin
fashion-mnist-784-euclidean,Elf,7,60000,784,4.200415,33.125590,5.651540,5.404219,fashion-mnist-784-euclidean_Elf_ch7_pq.bin
fashion-mnist-784-euclidean,Elf,8,60000,784,4.269072,28.716869,5.660826,5.412442,fashion-mnist-784-euclidean_Elf_ch8_pq.bin
fashion-mnist-784-euclidean,Camel,3,60000,784,4.413146,71.993343,3.863251,3.773659,fashion-mnist-784-euclidean_Camel_ch3_pq.bin
fashion-mnist-784-euclidean,Camel,4,60000,784,4.422076,74.271041,3.891440,3.799805,fashion-mnist-784-euclidean_Camel_ch4_pq.bin
fashion-mnist-784-euclidean,Camel,6,60000,784,4.391630,35.834070,3.921014,3.827326,fashion-mnist-784-euclidean_Camel_ch6_pq.bin
fashion-mnist-784-euclidean,Camel,7,60000,784,4.241217,30.773538,3.927611,3.833464,fashion-mnist-784-euclidean_Camel_ch7_pq.bin
fashion-mnist-784-euclidean,Camel,8,60000,784,4.381370,24.525011,3.933463,3.838858,fashion-mnist-784-euclidean_Camel_ch8_pq.bin
gist-960-euclidean,DeXOR,3,1000000,960,282.406883,32443.378624,1.180199,1.189898,gist-960-euclidean_DeXOR_ch3_pq.bin
gist-960-euclidean,DeXOR,4,1000000,960,258.373845,30814.667584,1.187021,1.196693,gist-960-euclidean_DeXOR_ch4_pq.bin
gist-960-euclidean,DeXOR,6,1000000,960,312.623143,15729.041519,1.187065,1.196733,gist-960-euclidean_DeXOR_ch6_pq.bin
gist-960-euclidean,DeXOR,7,1000000,960,283.469613,12167.103783,1.186777,1.196453,gist-960-euclidean_DeXOR_ch7_pq.bin
gist-960-euclidean,DeXOR,8,1000000,960,283.936343,9181.554936,1.186249,1.195928,gist-960-euclidean_DeXOR_ch8_pq.bin
gist-960-euclidean,Gorilla,3,1000000,960,259.734436,37902.022930,1.811321,1.815139,gist-960-euclidean_Gorilla_ch3_pq.bin
gist-960-euclidean,Gorilla,4,1000000,960,271.696669,31450.674458,1.912542,1.914692,gist-960-euclidean_Gorilla_ch4_pq.bin
gist-960-euclidean,Gorilla,6,1000000,960,252.584573,13972.982918,1.962717,1.963982,gist-960-euclidean_Gorilla_ch6_pq.bin
gist-960-euclidean,Gorilla,7,1000000,960,273.831996,9797.912890,1.970803,1.971896,gist-960-euclidean_Gorilla_ch7_pq.bin
gist-960-euclidean,Gorilla,8,1000000,960,264.332453,6022.288568,1.979646,1.980580,gist-960-euclidean_Gorilla_ch8_pq.bin
gist-960-euclidean,Elf,3,1000000,960,281.600657,35210.081536,1.863091,1.866073,gist-960-euclidean_Elf_ch3_pq.bin
gist-960-euclidean,Elf,4,1000000,960,276.619679,31302.725293,1.882751,1.885404,gist-960-euclidean_Elf_ch4_pq.bin
gist-960-euclidean,Elf,6,1000000,960,256.595732,15404.828227,1.896400,1.898821,gist-960-euclidean_Elf_ch6_pq.bin
gist-960-euclidean,Elf,7,1000000,960,268.442523,9391.209418,1.899439,1.901816,gist-960-euclidean_Elf_ch7_pq.bin
gist-960-euclidean,Elf,8,1000000,960,269.388989,6990.058920,1.901834,1.904158,gist-960-euclidean_Elf_ch8_pq.bin
gist-960-euclidean,Camel,3,1000000,960,274.796979,37056.746608,3.579081,3.526574,gist-960-euclidean_Camel_ch3_pq.bin
gist-960-euclidean,Camel,4,1000000,960,420.519839,28347.774658,3.579132,3.526686,gist-960-euclidean_Camel_ch4_pq.bin
gist-960-euclidean,Camel,6,1000000,960,288.243708,14074.456197,3.579109,3.526638,gist-960-euclidean_Camel_ch6_pq.bin
gist-960-euclidean,Camel,7,1000000,960,273.515938,9379.062170,3.579124,3.526676,gist-960-euclidean_Camel_ch7_pq.bin
gist-960-euclidean,Camel,8,1000000,960,259.069277,6336.315774,3.579118,3.526652,gist-960-euclidean_Camel_ch8_pq.bin
mnist-784-euclidean,DeXOR,3,60000,784,4.336028,56.126300,12.136611,10.497726,mnist-784-euclidean_DeXOR_ch3_pq.bin
mnist-784-euclidean,DeXOR,4,60000,784,5.555154,31.642366,12.266884,10.593379,mnist-784-euclidean_DeXOR_ch4_pq.bin
mnist-784-euclidean,DeXOR,6,60000,784,5.486620,19.964265,12.423829,10.707274,mnist-784-euclidean_DeXOR_ch6_pq.bin
mnist-784-euclidean,DeXOR,7,60000,784,5.530093,20.063164,12.445927,10.723480,mnist-784-euclidean_DeXOR_ch7_pq.bin
mnist-784-euclidean,DeXOR,8,60000,784,5.552055,19.928646,12.475616,10.744669,mnist-784-euclidean_DeXOR_ch8_pq.bin
mnist-784-euclidean,Gorilla,3,60000,784,5.560367,53.579207,8.412696,7.642187,mnist-784-euclidean_Gorilla_ch3_pq.bin
mnist-784-euclidean,Gorilla,4,60000,784,5.501645,24.100726,9.709351,8.668558,mnist-784-euclidean_Gorilla_ch4_pq.bin
mnist-784-euclidean,Gorilla,6,60000,784,5.526252,12.207070,10.698468,9.427715,mnist-784-euclidean_Gorilla_ch6_pq.bin
mnist-784-euclidean,Gorilla,7,60000,784,5.539336,11.870352,10.952332,9.619730,mnist-784-euclidean_Gorilla_ch7_pq.bin
mnist-784-euclidean,Gorilla,8,60000,784,5.577439,11.566154,11.098728,9.729080,mnist-784-euclidean_Gorilla_ch8_pq.bin
mnist-784-euclidean,Elf,3,60000,784,5.676560,59.247794,8.942377,8.065639,mnist-784-euclidean_Elf_ch3_pq.bin
mnist-784-euclidean,Elf,4,60000,784,5.576970,28.514342,9.108132,8.196322,mnist-784-euclidean_Elf_ch4_pq.bin
mnist-784-euclidean,Elf,6,60000,784,5.538242,16.701234,9.254859,8.311896,mnist-784-euclidean_Elf_ch6_pq.bin
mnist-784-euclidean,Elf,7,60000,784,5.624953,16.468160,9.280637,8.332676,mnist-784-euclidean_Elf_ch7_pq.bin
mnist-784-euclidean,Elf,8,60000,784,5.654750,16.077425,9.298344,8.346299,mnist-784-euclidean_Elf_ch8_pq.bin
mnist-784-euclidean,Camel,3,60000,784,5.599485,58.398180,5.496159,5.196142,mnist-784-euclidean_Camel_ch3_pq.bin
mnist-784-euclidean,Camel,4,60000,784,5.674669,28.263650,5.536152,5.231418,mnist-784-euclidean_Camel_ch4_pq.bin
mnist-784-euclidean,Camel,6,60000,784,5.572989,14.277836,5.574975,5.264911,mnist-784-euclidean_Camel_ch6_pq.bin
mnist-784-euclidean,Camel,7,60000,784,5.558503,14.291274,5.581923,5.271163,mnist-784-euclidean_Camel_ch7_pq.bin
mnist-784-euclidean,Camel,8,60000,784,5.652638,13.802937,5.587489,5.275834,mnist-784-euclidean_Camel_ch8_pq.bin
sift-128-euclidean,DeXOR,3,1000000,128,68.184074,3029.246002,6.295973,4.328068,sift-128-euclidean_DeXOR_ch3_pq.bin
sift-128-euclidean,DeXOR,4,1000000,128,68.614694,286.181362,6.366726,4.357126,sift-128-euclidean_DeXOR_ch4_pq.bin
sift-128-euclidean,DeXOR,6,1000000,128,68.140528,62.505957,6.461555,4.395536,sift-128-euclidean_DeXOR_ch6_pq.bin
sift-128-euclidean,DeXOR,7,1000000,128,60.233075,59.938294,6.489806,4.407472,sift-128-euclidean_DeXOR_ch7_pq.bin
sift-128-euclidean,DeXOR,8,1000000,128,70.044650,60.969996,6.511561,4.416672,sift-128-euclidean_DeXOR_ch8_pq.bin
sift-128-euclidean,Gorilla,3,1000000,128,67.032445,3100.778289,2.973768,2.594857,sift-128-euclidean_Gorilla_ch3_pq.bin
sift-128-euclidean,Gorilla,4,1000000,128,58.515446,300.612314,3.587014,2.981461,sift-128-euclidean_Gorilla_ch4_pq.bin
sift-128-euclidean,Gorilla,6,1000000,128,69.201733,32.257183,4.061620,3.256909,sift-128-euclidean_Gorilla_ch6_pq.bin
sift-128-euclidean,Gorilla,7,1000000,128,66.670142,29.733048,4.178016,3.321240,sift-128-euclidean_Gorilla_ch7_pq.bin
sift-128-euclidean,Gorilla,8,1000000,128,64.346948,28.364450,4.253333,3.362191,sift-128-euclidean_Gorilla_ch8_pq.bin
sift-128-euclidean,Elf,3,1000000,128,64.278306,3100.652080,4.266909,3.369818,sift-128-euclidean_Elf_ch3_pq.bin
sift-128-euclidean,Elf,4,1000000,128,61.038117,304.079961,4.374619,3.427551,sift-128-euclidean_Elf_ch4_pq.bin
sift-128-euclidean,Elf,6,1000000,128,66.382771,43.411079,4.483060,3.485188,sift-128-euclidean_Elf_ch6_pq.bin
sift-128-euclidean,Elf,7,1000000,128,64.849786,39.013449,4.516086,3.502573,sift-128-euclidean_Elf_ch7_pq.bin
sift-128-euclidean,Elf,8,1000000,128,69.108124,40.099251,4.540584,3.514571,sift-128-euclidean_Elf_ch8_pq.bin
sift-128-euclidean,Camel,3,1000000,128,62.344949,2981.921224,3.523779,2.942463,sift-128-euclidean_Camel_ch3_pq.bin
sift-128-euclidean,Camel,4,1000000,128,64.360191,291.929617,3.604273,2.991171,sift-128-euclidean_Camel_ch4_pq.bin
sift-128-euclidean,Camel,6,1000000,128,67.342239,37.280392,3.709216,3.053638,sift-128-euclidean_Camel_ch6_pq.bin
sift-128-euclidean,Camel,7,1000000,128,71.207053,30.216999,3.739374,3.071540,sift-128-euclidean_Camel_ch7_pq.bin
sift-128-euclidean,Camel,8,1000000,128,66.533757,31.350580,3.761264,3.084626,sift-128-euclidean_Camel_ch8_pq.bin