Dataset,Algorithm,ChainMaxLength,UseCacheTop1PctByLevel,UseTwoLevelSearch,TlsRatio,K,ef,Num_Rounds,Enable_Profiling,Recall,TimePerQuery(us),P99_Latency(us),QPS,Decoding_Calls,GetOriginalData_Calls,Avg_Decode_Per_Query,Avg_Backtrack_Hops_Per_Call
sift-128-euclidean,DeXOR,2,0,0,0.0000,1,10,3,1,0.783300,2674.657433,4482.33,373.78,6850104,3871956,685.010400,0.769159
sift-128-euclidean,DeXOR,2,0,0,0.0000,1,20,3,1,0.884800,4038.407167,6384.67,247.57,10266233,5588366,1026.623300,0.837072
sift-128-euclidean,DeXOR,2,0,0,0.0000,1,30,3,1,0.927800,5321.791733,7940.67,187.88,13460554,7193345,1346.055400,0.871251
sift-128-euclidean,DeXOR,2,0,0,0.0000,1,40,3,1,0.948700,6558.996067,9418.67,152.44,16553862,8747644,1655.386200,0.892379
sift-128-euclidean,DeXOR,2,0,0,0.0000,1,50,3,1,0.963700,7787.540900,10874.33,128.40,19617821,10287272,1961.782100,0.906999
sift-128-euclidean,DeXOR,2,0,0,0.0000,1,60,3,1,0.971800,8997.389200,12371.33,111.13,22608979,11790261,2260.897900,0.917598
sift-128-euclidean,DeXOR,2,0,0,0.0000,1,80,3,1,0.981100,11323.293333,15315.67,88.31,28415150,14707856,2841.515000,0.931971
sift-128-euclidean,DeXOR,2,0,0,0.0000,1,100,3,1,0.984100,13671.703733,18911.67,73.14,34045530,17537086,3404.553000,0.941345
sift-128-euclidean,DeXOR,2,0,0,0.0000,1,120,3,1,0.987800,15891.031300,21502.00,62.93,39504153,20279959,3950.415300,0.947940
sift-128-euclidean,DeXOR,2,0,0,0.0000,1,150,3,1,0.989700,19057.295200,25869.67,52.47,47428750,24262080,4742.875000,0.954851
sift-128-euclidean,DeXOR,2,0,0,0.0000,1,200,3,1,0.990500,24635.462400,33826.67,40.62,60045615,30602171,6004.561500,0.962136
sift-128-euclidean,DeXOR,2,0,1,0.2000,1,10,3,1,0.772200,595.529367,980.33,1676.81,1276273,725972,127.627300,0.758020
sift-128-euclidean,DeXOR,2,0,1,0.2000,1,20,3,1,0.874800,886.212000,1370.33,1127.29,1911575,1045095,191.157500,0.829092
sift-128-euclidean,DeXOR,2,0,1,0.2000,1,30,3,1,0.916500,1110.936533,1640.00,899.70,2511452,1346415,251.145200,0.865288
sift-128-euclidean,DeXOR,2,0,1,0.2000,1,40,3,1,0.942300,1356.377800,1918.33,736.81,3099694,1641914,309.969400,0.887854
sift-128-euclidean,DeXOR,2,0,1,0.2000,1,50,3,1,0.956300,1608.160133,2219.00,621.50,3681809,1934309,368.180900,0.903423
sift-128-euclidean,DeXOR,2,0,1,0.2000,1,60,3,1,0.963600,1859.693533,2506.67,537.48,4256781,2223190,425.678100,0.914718
sift-128-euclidean,DeXOR,2,0,1,0.2000,1,80,3,1,0.972800,2354.092500,3078.00,424.64,5383242,2789147,538.324200,0.930068
sift-128-euclidean,DeXOR,2,0,1,0.2000,1,100,3,1,0.976800,2843.579433,3697.33,351.56,6491306,3345866,649.130600,0.940097
sift-128-euclidean,DeXOR,2,0,1,0.2000,1,120,3,1,0.978800,3318.217433,4300.00,301.29,7581230,3893497,758.123000,0.947152
sift-128-euclidean,DeXOR,2,0,1,0.2000,1,150,3,1,0.982900,4019.217400,5190.00,248.75,9183496,4698624,918.349600,0.954508
sift-128-euclidean,DeXOR,2,0,1,0.2000,1,200,3,1,0.983900,5173.493867,6635.67,193.26,11789422,6008046,1178.942200,0.962272
sift-128-euclidean,DeXOR,2,0,1,0.2000,1,300,3,1,0.986200,7396.264900,9436.33,135.19,16827472,8539431,1682.747200,0.970561
sift-128-euclidean,DeXOR,2,0,1,0.2000,1,400,3,1,0.987200,9555.224867,12117.00,104.64,21702738,10989229,2170.273800,0.974910
sift-128-euclidean,DeXOR,2,1,0,0.0000,1,10,3,1,0.783300,2139.489600,3724.33,467.22,4514127,2967577,451.412700,0.985066
sift-128-euclidean,DeXOR,2,1,0,0.0000,1,20,3,1,0.884800,3343.124700,5414.00,299.05,7132049,4664616,713.204900,0.988533
sift-128-euclidean,DeXOR,2,1,0,0.0000,1,30,3,1,0.927800,4460.929767,6764.33,224.13,9578579,6251342,957.857900,0.990089
sift-128-euclidean,DeXOR,2,1,0,0.0000,1,40,3,1,0.948700,5553.829133,8030.33,180.03,11948095,7787654,1194.809500,0.990989
sift-128-euclidean,DeXOR,2,1,0,0.0000,1,50,3,1,0.963700,6656.608433,9437.00,150.21,14294886,9309638,1429.488600,0.991568
sift-128-euclidean,DeXOR,2,1,0,0.0000,1,60,3,1,0.971800,7653.491400,10630.67,130.65,16583661,10795469,1658.366100,0.991985
sift-128-euclidean,DeXOR,2,1,0,0.0000,1,80,3,1,0.981100,9683.254467,13265.33,103.26,21026564,13679822,2102.656400,0.992521
sift-128-euclidean,DeXOR,2,1,0,0.0000,1,100,3,1,0.984100,11672.988233,15892.67,85.66,25336505,16476716,2533.650500,0.992866
sift-128-euclidean,DeXOR,2,1,0,0.0000,1,120,3,1,0.987800,13634.143367,18619.00,73.34,29515294,19188450,2951.529400,0.993111
sift-128-euclidean,DeXOR,2,1,0,0.0000,1,150,3,1,0.989700,16564.604433,22667.67,60.37,35581295,23125509,3558.129500,0.993350
sift-128-euclidean,DeXOR,2,1,0,0.0000,1,200,3,1,0.990500,21336.542700,29435.33,46.87,45235166,29394054,4523.516600,0.993592
sift-128-euclidean,DeXOR,2,1,1,0.2000,1,10,3,1,0.772200,455.355933,781.00,2192.26,834705,549330,83.470500,0.984730
sift-128-euclidean,DeXOR,2,1,1,0.2000,1,20,3,1,0.874800,700.357733,1101.67,1426.19,1322789,865370,132.278900,0.988321
sift-128-euclidean,DeXOR,2,1,1,0.2000,1,30,3,1,0.916500,931.171533,1397.00,1072.97,1782656,1163777,178.265600,0.989941
sift-128-euclidean,DeXOR,2,1,1,0.2000,1,40,3,1,0.942300,1158.336167,1662.33,862.68,2234120,1456277,223.412000,0.990896
sift-128-euclidean,DeXOR,2,1,1,0.2000,1,50,3,1,0.956300,1382.833133,1929.67,722.71,2680331,1745716,268.033100,0.991547
sift-128-euclidean,DeXOR,2,1,1,0.2000,1,60,3,1,0.963600,1604.333167,2191.67,622.98,3120842,2031627,312.084200,0.991964
sift-128-euclidean,DeXOR,2,1,1,0.2000,1,80,3,1,0.972800,2038.255700,2718.00,490.41,3984715,2591877,398.471500,0.992512
sift-128-euclidean,DeXOR,2,1,1,0.2000,1,100,3,1,0.976800,2464.784833,3247.33,405.57,4834014,3142956,483.401400,0.992849
sift-128-euclidean,DeXOR,2,1,1,0.2000,1,120,3,1,0.978800,2886.888500,3795.33,346.29,5669476,3685046,566.947600,0.993103
sift-128-euclidean,DeXOR,2,1,1,0.2000,1,150,3,1,0.982900,3510.200833,4575.67,284.81,6897400,4481891,689.740000,0.993349
sift-128-euclidean,DeXOR,2,1,1,0.2000,1,200,3,1,0.983900,4522.769500,5860.33,221.06,8894373,5778045,889.437300,0.993600
sift-128-euclidean,DeXOR,2,1,1,0.2000,1,300,3,1,0.986200,6524.346933,8429.67,153.27,12754614,8283968,1275.461400,0.993886
sift-128-euclidean,DeXOR,2,1,1,0.2000,1,400,3,1,0.987200,8337.077300,10669.00,119.93,16490610,10709169,1649.061000,0.994004
sift-128-euclidean,DeXOR,-1,0,0,0.0000,1,10,3,1,0.785500,11106.265900,19022.33,90.03,23674187,3891590,2367.418700,5.083423
sift-128-euclidean,DeXOR,-1,0,0,0.0000,1,20,3,1,0.891200,17372.073533,27153.33,57.56,36811508,5613683,3681.150800,5.557461
sift-128-euclidean,DeXOR,-1,0,0,0.0000,1,30,3,1,0.930700,23253.847200,34349.67,43.00,49060094,7215489,4906.009400,5.799275
sift-128-euclidean,DeXOR,-1,0,0,0.0000,1,40,3,1,0.950500,28832.789400,40574.00,34.68,60979527,8774905,6097.952700,5.949309
sift-128-euclidean,DeXOR,-1,0,0,0.0000,1,50,3,1,0.963200,34468.395300,47200.67,29.01,72719345,10309973,7271.934500,6.053301
sift-128-euclidean,DeXOR,-1,0,0,0.0000,1,60,3,1,0.971800,39855.429167,53449.67,25.09,84179882,11809229,8417.988200,6.128313
sift-128-euclidean,DeXOR,-1,0,0,0.0000,1,80,3,1,0.980400,50430.029467,66709.00,19.83,106533320,14732912,10653.332000,6.230975
sift-128-euclidean,DeXOR,-1,0,0,0.0000,1,100,3,1,0.984500,60735.766000,79987.67,16.46,128156831,17560164,12815.683100,6.298157
sift-128-euclidean,DeXOR,-1,0,0,0.0000,1,120,3,1,0.987400,70778.274267,93469.33,14.13,149129286,20303516,14912.928600,6.344998
sift-128-euclidean,DeXOR,-1,0,0,0.0000,1,150,3,1,0.988500,84964.409567,113066.67,11.77,179622095,24289349,17962.209500,6.395097
sift-128-euclidean,DeXOR,-1,0,0,0.0000,1,200,3,1,0.990300,108099.361433,144967.33,9.25,228154211,30630711,22815.421100,6.448544
sift-128-euclidean,DeXOR,-1,0,1,0.2000,1,10,3,1,0.776900,2146.396700,3718.67,465.72,4435471,730907,443.547100,5.068448
sift-128-euclidean,DeXOR,-1,0,1,0.2000,1,20,3,1,0.879300,3364.845733,5286.67,297.14,6911320,1049812,691.132000,5.583388
sift-128-euclidean,DeXOR,-1,0,1,0.2000,1,30,3,1,0.920500,4482.353300,6652.00,223.05,9266758,1352180,926.675800,5.853199
sift-128-euclidean,DeXOR,-1,0,1,0.2000,1,40,3,1,0.942200,5597.233300,7908.67,178.63,11571862,1648117,1157.186200,6.021262
sift-128-euclidean,DeXOR,-1,0,1,0.2000,1,50,3,1,0.955900,6697.521167,9088.00,149.29,13837234,1939212,1383.723400,6.135493
sift-128-euclidean,DeXOR,-1,0,1,0.2000,1,60,3,1,0.965300,7791.538400,10282.00,128.33,16087042,2227326,1608.704200,6.222581
sift-128-euclidean,DeXOR,-1,0,1,0.2000,1,80,3,1,0.972500,9932.260433,12787.33,100.67,20508980,2793981,2050.898000,6.340415
sift-128-euclidean,DeXOR,-1,0,1,0.2000,1,100,3,1,0.976500,12046.131867,15380.33,83.01,24856981,3350716,2485.698100,6.418409
sift-128-euclidean,DeXOR,-1,0,1,0.2000,1,120,3,1,0.980600,14179.804100,17987.33,70.52,29135707,3898143,2913.570700,6.474253
sift-128-euclidean,DeXOR,-1,0,1,0.2000,1,150,3,1,0.983000,17243.603167,21715.33,57.99,35436259,4703346,3543.625900,6.534266
sift-128-euclidean,DeXOR,-1,0,1,0.2000,1,200,3,1,0.985100,22225.382133,27805.33,44.99,45696644,6013677,4569.664400,6.598786
sift-128-euclidean,DeXOR,-1,0,1,0.2000,1,300,3,1,0.987500,31892.754700,39555.67,31.35,65520038,8543812,6552.003800,6.668713
sift-128-euclidean,DeXOR,-1,0,1,0.2000,1,400,3,1,0.986800,41118.478433,50564.00,24.32,84756643,10994949,8475.664300,6.708689
sift-128-euclidean,DeXOR,-1,1,0,0.0000,1,10,3,1,0.785500,9814.008300,16947.33,101.89,19547895,2958299,1954.789500,6.178859
sift-128-euclidean,DeXOR,-1,1,0,0.0000,1,20,3,1,0.891200,15450.208300,24347.00,64.72,30896151,4660960,3089.615100,6.200800
sift-128-euclidean,DeXOR,-1,1,0,0.0000,1,30,3,1,0.930700,20989.094367,31070.67,47.64,41481488,6244759,4148.148800,6.215064
sift-128-euclidean,DeXOR,-1,1,0,0.0000,1,40,3,1,0.950500,27042.507833,38360.00,37.00,51782966,7786513,5178.296600,6.223095
sift-128-euclidean,DeXOR,-1,1,0,0.0000,1,50,3,1,0.963200,32894.777767,45133.67,30.40,61930325,9304545,6193.032500,6.228865
sift-128-euclidean,DeXOR,-1,1,0,0.0000,1,60,3,1,0.971800,38034.324900,51149.00,26.29,71834750,10787028,7183.475000,6.232423
sift-128-euclidean,DeXOR,-1,1,0,0.0000,1,80,3,1,0.980400,48032.677833,63789.33,20.82,91153656,13677755,9115.365600,6.237659
sift-128-euclidean,DeXOR,-1,1,0,0.0000,1,100,3,1,0.984500,55032.981500,72752.00,18.17,109843286,16473595,10984.328600,6.241306
sift-128-euclidean,DeXOR,-1,1,0,0.0000,1,120,3,1,0.987400,65347.477000,86689.00,15.31,127968026,19186185,12796.802600,6.243399
sift-128-euclidean,DeXOR,-1,1,0,0.0000,1,150,3,1,0.988500,79281.470533,105468.33,12.61,154324750,23127811,15432.475000,6.246506
sift-128-euclidean,DeXOR,-1,1,0,0.0000,1,200,3,1,0.990300,100940.275033,135446.00,9.91,196274280,29398797,19627.428000,6.250189
sift-128-euclidean,DeXOR,-1,1,1,0.2000,1,10,3,1,0.776900,1879.903800,3297.67,531.72,3663982,547892,366.398200,6.258653
sift-128-euclidean,DeXOR,-1,1,1,0.2000,1,20,3,1,0.879300,2960.100600,4684.67,337.74,5809630,863795,580.963000,6.297916
sift-128-euclidean,DeXOR,-1,1,1,0.2000,1,30,3,1,0.920500,3986.667633,5944.00,250.79,7852320,1163252,785.232000,6.322796
sift-128-euclidean,DeXOR,-1,1,1,0.2000,1,40,3,1,0.942200,4992.448200,7105.00,200.27,9850897,1456310,985.089700,6.337089
sift-128-euclidean,DeXOR,-1,1,1,0.2000,1,50,3,1,0.955900,5987.486500,8140.33,166.99,11814627,1744551,1181.462700,6.345530
sift-128-euclidean,DeXOR,-1,1,1,0.2000,1,60,3,1,0.965300,6972.446967,9252.00,143.40,13766216,2029753,1376.621600,6.355603
sift-128-euclidean,DeXOR,-1,1,1,0.2000,1,80,3,1,0.972500,8915.171200,11509.33,112.16,17600613,2590834,1760.061300,6.367172
sift-128-euclidean,DeXOR,-1,1,1,0.2000,1,100,3,1,0.976500,10818.934900,13855.33,92.42,21370269,3142159,2137.026900,6.375129
sift-128-euclidean,DeXOR,-1,1,1,0.2000,1,120,3,1,0.980600,12796.872300,16232.67,78.15,25081007,3684166,2508.100700,6.381980
sift-128-euclidean,DeXOR,-1,1,1,0.2000,1,150,3,1,0.983000,16045.405267,20220.00,62.32,30544077,4481455,3054.407700,6.390039
sift-128-euclidean,DeXOR,-1,1,1,0.2000,1,200,3,1,0.985100,20765.173867,26048.33,48.16,39443271,5778977,3944.327100,6.399962
sift-128-euclidean,DeXOR,-1,1,1,0.2000,1,300,3,1,0.987500,29674.759400,36789.00,33.70,56637311,8284256,5663.731100,6.411770
sift-128-euclidean,DeXOR,-1,1,1,0.2000,1,400,3,1,0.986800,38374.608733,47218.67,26.06,73322123,10711630,7332.212300,6.420392
gist-960-euclidean,DeXOR,2,0,0,0.0000,1,10,3,1,0.456000,29197.136333,48689.33,34.25,815223,454141,815.223000,0.795088
gist-960-euclidean,DeXOR,2,0,0,0.0000,1,20,3,1,0.608000,45128.265667,70519.00,22.16,1259485,677330,1259.485000,0.859485
gist-960-euclidean,DeXOR,2,0,0,0.0000,1,30,3,1,0.699000,59061.394000,87862.67,16.93,1649895,873482,1649.895000,0.888871
gist-960-euclidean,DeXOR,2,0,0,0.0000,1,40,3,1,0.740000,71304.029000,101365.67,14.02,2016063,1057482,2016.063000,0.906475
gist-960-euclidean,DeXOR,2,0,0,0.0000,1,50,3,1,0.776000,84790.124667,119875.67,11.79,2377754,1239199,2377.754000,0.918783
gist-960-euclidean,DeXOR,2,0,0,0.0000,1,60,3,1,0.802000,96927.707667,135788.67,10.32,2727749,1415066,2727.749000,0.927648
gist-960-euclidean,DeXOR,2,0,0,0.0000,1,80,3,1,0.847000,122586.618000,170091.00,8.16,3429693,1767814,3429.693000,0.940076
gist-960-euclidean,DeXOR,2,0,0,0.0000,1,100,3,1,0.873000,146483.238667,196063.00,6.83,4102968,2106105,4102.968000,0.948131
gist-960-euclidean,DeXOR,2,0,0,0.0000,1,120,3,1,0.893000,170634.263667,222266.67,5.86,4763505,2438032,4763.505000,0.953832
gist-960-euclidean,DeXOR,2,0,0,0.0000,1,150,3,1,0.905000,205073.814000,265200.67,4.88,5736972,2927182,5736.972000,0.959896
gist-960-euclidean,DeXOR,2,0,0,0.0000,1,200,3,1,0.928000,258071.930000,330395.00,3.88,7290751,3707854,7290.751000,0.966299
gist-960-euclidean,DeXOR,2,0,0,0.0000,1,300,3,1,0.954000,351644.009333,449067.33,2.84,10236118,5187827,10236.118000,0.973103
gist-960-euclidean,DeXOR,2,0,0,0.0000,1,400,3,1,0.965000,459905.913667,605992.33,2.18,12987299,6570173,12987.299000,0.976706
gist-960-euclidean,DeXOR,2,0,1,0.2000,1,10,3,1,0.442000,5809.955667,9702.00,172.12,154175,86088,154.175000,0.790900
gist-960-euclidean,DeXOR,2,0,1,0.2000,1,20,3,1,0.595000,9048.974667,14679.33,110.53,236595,127498,236.595000,0.855676
gist-960-euclidean,DeXOR,2,0,1,0.2000,1,30,3,1,0.684000,11592.790667,17679.00,86.26,310885,164823,310.885000,0.886175
gist-960-euclidean,DeXOR,2,0,1,0.2000,1,40,3,1,0.729000,14434.502000,21526.00,69.29,381698,200397,381.698000,0.904709
gist-960-euclidean,DeXOR,2,0,1,0.2000,1,50,3,1,0.766000,17073.746667,24858.67,58.57,451216,235305,451.216000,0.917579
gist-960-euclidean,DeXOR,2,0,1,0.2000,1,60,3,1,0.790000,19364.099000,27955.00,51.65,516652,268176,516.652000,0.926541
gist-960-euclidean,DeXOR,2,0,1,0.2000,1,80,3,1,0.840000,24559.496667,33797.33,40.72,649941,335143,649.941000,0.939295
gist-960-euclidean,DeXOR,2,0,1,0.2000,1,100,3,1,0.859000,29579.488000,39136.33,33.81,779502,400219,779.502000,0.947689
gist-960-euclidean,DeXOR,2,0,1,0.2000,1,120,3,1,0.884000,35002.774000,44876.33,28.57,907010,464278,907.010000,0.953592
gist-960-euclidean,DeXOR,2,0,1,0.2000,1,150,3,1,0.907000,42005.323000,53355.00,23.81,1094114,558284,1094.114000,0.959780
gist-960-euclidean,DeXOR,2,0,1,0.2000,1,200,3,1,0.922000,52957.739000,67956.33,18.89,1399270,711599,1399.270000,0.966374
gist-960-euclidean,DeXOR,2,0,1,0.2000,1,300,3,1,0.951000,76424.345000,96636.00,13.09,1984521,1005673,1984.521000,0.973326
gist-960-euclidean,DeXOR,2,0,1,0.2000,1,400,3,1,0.963000,94953.364333,119525.33,10.53,2544581,1287087,2544.581000,0.977008
gist-960-euclidean,DeXOR,2,1,0,0.0000,1,10,3,1,0.456000,22160.943000,38131.33,45.13,535256,359614,535.256000,0.988349
gist-960-euclidean,DeXOR,2,1,0,0.0000,1,20,3,1,0.608000,35543.674333,57063.00,28.14,867437,580277,867.437000,0.990991
gist-960-euclidean,DeXOR,2,1,0,0.0000,1,30,3,1,0.699000,47346.945333,72324.33,21.12,1158376,774186,1158.376000,0.992029
gist-960-euclidean,DeXOR,2,1,0,0.0000,1,40,3,1,0.740000,57832.472333,83898.67,17.29,1431395,956062,1431.395000,0.992616
gist-960-euclidean,DeXOR,2,1,0,0.0000,1,50,3,1,0.776000,67837.960333,96147.33,14.74,1701235,1135686,1701.235000,0.992997
gist-960-euclidean,DeXOR,2,1,0,0.0000,1,60,3,1,0.802000,79376.443333,112411.00,12.60,1962835,1309546,1962.835000,0.993289
gist-960-euclidean,DeXOR,2,1,0,0.0000,1,80,3,1,0.847000,100215.837667,137857.33,9.98,2485627,1658191,2485.627000,0.993636
gist-960-euclidean,DeXOR,2,1,0,0.0000,1,100,3,1,0.873000,120057.498667,158787.67,8.33,2987858,1992595,2987.858000,0.993901
gist-960-euclidean,DeXOR,2,1,0,0.0000,1,120,3,1,0.893000,138598.871667,182411.33,7.22,3479781,2320721,3479.781000,0.994059
gist-960-euclidean,DeXOR,2,1,0,0.0000,1,150,3,1,0.905000,167627.529333,220948.33,5.97,4205763,2804385,4205.763000,0.994233
gist-960-euclidean,DeXOR,2,1,0,0.0000,1,200,3,1,0.928000,212162.960667,276416.00,4.71,5365409,3576121,5365.409000,0.994433
gist-960-euclidean,DeXOR,2,1,0,0.0000,1,300,3,1,0.954000,299322.541667,390405.67,3.34,7562543,5039428,7562.543000,0.994582
gist-960-euclidean,DeXOR,2,1,0,0.0000,1,400,3,1,0.965000,378661.176333,497610.33,2.64,9614469,6406501,9614.469000,0.994667
gist-960-euclidean,DeXOR,2,1,1,0.2000,1,10,3,1,0.442000,4300.836333,7455.33,232.47,101046,67867,101.046000,0.988713
gist-960-euclidean,DeXOR,2,1,1,0.2000,1,20,3,1,0.595000,6785.076000,10898.00,147.37,162554,108822,162.554000,0.991132
gist-960-euclidean,DeXOR,2,1,1,0.2000,1,30,3,1,0.684000,8956.425000,13777.00,111.64,218046,145765,218.046000,0.992111
gist-960-euclidean,DeXOR,2,1,1,0.2000,1,40,3,1,0.729000,11099.454667,16895.33,90.09,271007,180946,271.007000,0.992622
gist-960-euclidean,DeXOR,2,1,1,0.2000,1,50,3,1,0.766000,13163.810667,19106.67,75.96,323081,215514,323.081000,0.993082
gist-960-euclidean,DeXOR,2,1,1,0.2000,1,60,3,1,0.790000,15111.133333,21884.33,66.17,372177,247996,372.177000,0.993391
gist-960-euclidean,DeXOR,2,1,1,0.2000,1,80,3,1,0.840000,19087.517000,26708.00,52.39,471813,314265,471.813000,0.993782
gist-960-euclidean,DeXOR,2,1,1,0.2000,1,100,3,1,0.859000,22945.212333,30520.00,43.58,568606,378690,568.606000,0.994019
gist-960-euclidean,DeXOR,2,1,1,0.2000,1,120,3,1,0.884000,26743.390667,34753.00,37.39,663573,442036,663.573000,0.994197
gist-960-euclidean,DeXOR,2,1,1,0.2000,1,150,3,1,0.907000,32328.411000,41202.00,30.93,803545,535063,803.545000,0.994335
gist-960-euclidean,DeXOR,2,1,1,0.2000,1,200,3,1,0.922000,41489.968667,52298.67,24.10,1031803,686844,1031.803000,0.994478
gist-960-euclidean,DeXOR,2,1,1,0.2000,1,300,3,1,0.951000,59198.958667,74363.33,16.89,1469285,977952,1469.285000,0.994584
gist-960-euclidean,DeXOR,2,1,1,0.2000,1,400,3,1,0.963000,75968.596000,94770.67,13.16,1887844,1256448,1887.844000,0.994666
gist-960-euclidean,DeXOR,-1,0,0,0.0000,1,10,3,1,0.483000,100428.267333,177429.00,9.96,2533037,447203,2533.037000,4.664177
gist-960-euclidean,DeXOR,-1,0,0,0.0000,1,20,3,1,0.609000,166405.812667,271350.67,6.01,4096505,674025,4096.505000,5.077675
gist-960-euclidean,DeXOR,-1,0,0,0.0000,1,30,3,1,0.677000,218139.763667,331900.33,4.58,5467199,872282,5467.199000,5.267697
gist-960-euclidean,DeXOR,-1,0,0,0.0000,1,40,3,1,0.728000,267460.241667,382698.67,3.74,6729989,1055764,6729.989000,5.374520
gist-960-euclidean,DeXOR,-1,0,0,0.0000,1,50,3,1,0.767000,315219.429000,465173.67,3.17,7978102,1237059,7978.102000,5.449249
gist-960-euclidean,DeXOR,-1,0,0,0.0000,1,60,3,1,0.801000,364256.142667,511160.33,2.75,9221684,1417199,9221.684000,5.506979
gist-960-euclidean,DeXOR,-1,0,0,0.0000,1,80,3,1,0.836000,457789.398667,617677.33,2.18,11591018,1761303,11591.018000,5.580934
gist-960-euclidean,DeXOR,-1,0,0,0.0000,1,100,3,1,0.862000,552358.736667,736146.00,1.81,13965639,2105844,13965.639000,5.631849
gist-960-euclidean,DeXOR,-1,0,0,0.0000,1,120,3,1,0.878000,641975.043333,836600.67,1.56,16223938,2432969,16223.938000,5.668370
gist-960-euclidean,DeXOR,-1,0,0,0.0000,1,150,3,1,0.899000,776442.600333,1008318.00,1.29,19610360,2924376,19610.360000,5.705827
gist-960-euclidean,DeXOR,-1,0,0,0.0000,1,200,3,1,0.912000,990065.825333,1275542.33,1.01,25006820,3707130,25006.820000,5.745601
gist-960-euclidean,DeXOR,-1,0,0,0.0000,1,300,3,1,0.930000,1397159.501000,1820802.33,0.72,35240334,5189204,35240.334000,5.791087
gist-960-euclidean,DeXOR,-1,0,0,0.0000,1,400,3,1,0.942000,1830995.609667,2405338.67,0.55,44796884,6571730,44796.884000,5.816604
gist-960-euclidean,DeXOR,-1,0,1,0.2000,1,10,3,1,0.481000,20009.056000,35720.33,49.98,482528,86066,482.528000,4.606488
gist-960-euclidean,DeXOR,-1,0,1,0.2000,1,20,3,1,0.602000,32188.974667,51731.33,31.07,772984,128283,772.984000,5.025615
gist-960-euclidean,DeXOR,-1,0,1,0.2000,1,30,3,1,0.668000,42642.723000,68187.33,23.45,1027083,165000,1027.083000,5.224745
gist-960-euclidean,DeXOR,-1,0,1,0.2000,1,40,3,1,0.715000,52835.116667,79647.00,18.93,1267656,199966,1267.656000,5.339358
gist-960-euclidean,DeXOR,-1,0,1,0.2000,1,50,3,1,0.756000,62458.546333,91635.67,16.01,1505230,234476,1505.230000,5.419548
gist-960-euclidean,DeXOR,-1,0,1,0.2000,1,60,3,1,0.793000,72307.360667,101926.67,13.83,1739221,268488,1739.221000,5.477835
gist-960-euclidean,DeXOR,-1,0,1,0.2000,1,80,3,1,0.830000,91348.726333,125106.67,10.95,2193664,334391,2193.664000,5.560177
gist-960-euclidean,DeXOR,-1,0,1,0.2000,1,100,3,1,0.860000,109649.255667,143847.67,9.12,2643382,399441,2643.382000,5.617703
gist-960-euclidean,DeXOR,-1,0,1,0.2000,1,120,3,1,0.879000,127611.335333,166920.33,7.84,3090438,464168,3090.438000,5.658016
gist-960-euclidean,DeXOR,-1,0,1,0.2000,1,150,3,1,0.893000,154638.915000,194693.33,6.47,3737586,557840,3737.586000,5.700104
gist-960-euclidean,DeXOR,-1,0,1,0.2000,1,200,3,1,0.908000,197705.046667,250875.33,5.06,4797820,711112,4797.820000,5.746926
gist-960-euclidean,DeXOR,-1,0,1,0.2000,1,300,3,1,0.929000,273325.788333,342445.67,3.66,6835506,1005086,6835.506000,5.800917
gist-960-euclidean,DeXOR,-1,0,1,0.2000,1,400,3,1,0.941000,356746.910667,443968.33,2.80,8774252,1284404,8774.252000,5.831380
gist-960-euclidean,DeXOR,-1,1,0,0.0000,1,10,3,1,0.483000,87936.652000,154225.33,11.37,2026564,352940,2026.564000,5.333122
gist-960-euclidean,DeXOR,-1,1,0,0.0000,1,20,3,1,0.609000,143961.257667,238054.67,6.95,3329762,577118,3329.762000,5.363260
gist-960-euclidean,DeXOR,-1,1,0,0.0000,1,30,3,1,0.677000,192757.022000,299457.00,5.19,4475090,773154,4475.090000,5.381784
gist-960-euclidean,DeXOR,-1,1,0,0.0000,1,40,3,1,0.728000,235910.449333,340107.33,4.24,5529252,954535,5529.252000,5.386224
gist-960-euclidean,DeXOR,-1,1,0,0.0000,1,50,3,1,0.767000,284165.800667,421438.00,3.52,6571095,1133769,6571.095000,5.389212
gist-960-euclidean,DeXOR,-1,1,0,0.0000,1,60,3,1,0.801000,314978.235333,445368.33,3.17,7607328,1311884,7607.328000,5.392651
gist-960-euclidean,DeXOR,-1,1,0,0.0000,1,80,3,1,0.836000,395255.762667,529679.00,2.53,9580878,1651974,9580.878000,5.393786
gist-960-euclidean,DeXOR,-1,1,0,0.0000,1,100,3,1,0.862000,476718.483333,639914.67,2.10,11561859,1992526,11561.859000,5.397052
gist-960-euclidean,DeXOR,-1,1,0,0.0000,1,120,3,1,0.878000,554211.904000,724749.33,1.80,13445669,2315914,13445.669000,5.400590
gist-960-euclidean,DeXOR,-1,1,0,0.0000,1,150,3,1,0.899000,670387.199000,874064.00,1.49,16271291,2801668,16271.291000,5.402949
gist-960-euclidean,DeXOR,-1,1,0,0.0000,1,200,3,1,0.912000,854995.659000,1095750.00,1.17,20774413,3575524,20774.413000,5.405590
gist-960-euclidean,DeXOR,-1,1,0,0.0000,1,300,3,1,0.930000,1205296.894000,1562766.33,0.83,29309347,5040569,29309.347000,5.410849
gist-960-euclidean,DeXOR,-1,1,0,0.0000,1,400,3,1,0.942000,1533305.383333,1990030.33,0.65,37285187,6407505,37285.187000,5.415448
gist-960-euclidean,DeXOR,-1,1,1,0.2000,1,10,3,1,0.481000,16356.719000,28883.00,61.13,385672,67108,385.672000,5.339587
gist-960-euclidean,DeXOR,-1,1,1,0.2000,1,20,3,1,0.602000,26466.510000,43039.67,37.78,627999,108860,627.999000,5.361630
gist-960-euclidean,DeXOR,-1,1,1,0.2000,1,30,3,1,0.668000,35255.359333,56225.33,28.36,840004,145169,840.004000,5.380556
gist-960-euclidean,DeXOR,-1,1,1,0.2000,1,40,3,1,0.715000,43645.877000,65064.67,22.91,1040848,179789,1040.848000,5.383277
gist-960-euclidean,DeXOR,-1,1,1,0.2000,1,50,3,1,0.756000,51849.611667,75689.67,19.29,1238797,213928,1238.797000,5.385167
gist-960-euclidean,DeXOR,-1,1,1,0.2000,1,60,3,1,0.793000,59996.076000,83217.33,16.67,1433855,247586,1433.855000,5.385474
gist-960-euclidean,DeXOR,-1,1,1,0.2000,1,80,3,1,0.830000,75862.558333,103172.33,13.18,1813200,312811,1813.200000,5.389440
gist-960-euclidean,DeXOR,-1,1,1,0.2000,1,100,3,1,0.860000,91497.487333,119880.67,10.93,2189064,377203,2189.064000,5.397656
gist-960-euclidean,DeXOR,-1,1,1,0.2000,1,120,3,1,0.879000,106996.913667,139377.67,9.35,2562322,441222,2562.322000,5.401791
gist-960-euclidean,DeXOR,-1,1,1,0.2000,1,150,3,1,0.893000,129534.358333,162809.00,7.72,3102402,533885,3102.402000,5.405576
gist-960-euclidean,DeXOR,-1,1,1,0.2000,1,200,3,1,0.908000,166409.696000,208275.67,6.01,3987308,685521,3987.308000,5.411483
gist-960-euclidean,DeXOR,-1,1,1,0.2000,1,300,3,1,0.929000,237285.796667,296616.67,4.21,5688403,976451,5688.403000,5.421123
gist-960-euclidean,DeXOR,-1,1,1,0.2000,1,400,3,1,0.941000,304883.877333,376325.67,3.28,7308015,1252843,7308.015000,5.429082
fashion-mnist-784-euclidean,DeXOR,2,0,0,0.0000,1,10,3,1,0.959500,7046.541100,11304.00,141.90,4069094,2281608,406.909400,0.783433
fashion-mnist-784-euclidean,DeXOR,2,0,0,0.0000,1,20,3,1,0.983600,10185.195333,15808.33,98.17,5874814,3188982,587.481400,0.842222
fashion-mnist-784-euclidean,DeXOR,2,0,0,0.0000,1,30,3,1,0.991100,12998.972367,19955.33,76.92,7480109,3995649,748.010900,0.872064
fashion-mnist-784-euclidean,DeXOR,2,0,1,0.2000,1,10,3,1,0.956500,1591.560567,2369.67,628.02,843997,482419,84.399700,0.749510
fashion-mnist-784-euclidean,DeXOR,2,0,1,0.2000,1,20,3,1,0.981200,2347.972000,3284.00,425.76,1264906,693828,126.490600,0.823083
fashion-mnist-784-euclidean,DeXOR,2,0,1,0.2000,1,30,3,1,0.989200,3089.250667,4194.67,323.62,1679973,902330,167.997300,0.861817
fashion-mnist-784-euclidean,DeXOR,2,0,1,0.2000,1,40,3,1,0.992500,3829.898533,5115.67,261.05,2089110,1107937,208.911000,0.885586
fashion-mnist-784-euclidean,DeXOR,2,1,0,0.0000,1,10,3,1,0.959500,5889.906400,9855.00,169.76,2939272,1774780,293.927200,0.974920
fashion-mnist-784-euclidean,DeXOR,2,1,0,0.0000,1,20,3,1,0.983600,8774.147700,14008.33,113.96,4454906,2671180,445.490600,0.980986
fashion-mnist-784-euclidean,DeXOR,2,1,0,0.0000,1,30,3,1,0.991100,11344.876933,17961.67,88.14,5798960,3468024,579.896000,0.983768
fashion-mnist-784-euclidean,DeXOR,2,1,1,0.2000,1,10,3,1,0.956500,1346.111867,2107.33,742.46,598694,361464,59.869400,0.972149
fashion-mnist-784-euclidean,DeXOR,2,1,1,0.2000,1,20,3,1,0.981200,2046.846067,2978.67,488.38,952815,571021,95.281500,0.980016
fashion-mnist-784-euclidean,DeXOR,2,1,1,0.2000,1,30,3,1,0.989200,2727.551100,3865.00,366.53,1302022,777752,130.202200,0.983581
fashion-mnist-784-euclidean,DeXOR,2,1,1,0.2000,1,40,3,1,0.992500,3399.426067,4698.33,294.10,1646044,981427,164.604400,0.985509
fashion-mnist-784-euclidean,DeXOR,-1,0,0,0.0000,1,10,3,1,0.959900,24659.866833,41525.67,40.55,12432870,2290683,1243.287000,4.427582
fashion-mnist-784-euclidean,DeXOR,-1,0,0,0.0000,1,20,3,1,0.985600,36788.433867,58042.33,27.18,18483466,3193499,1848.346600,4.787841
fashion-mnist-784-euclidean,DeXOR,-1,0,0,0.0000,1,30,3,1,0.992800,47635.085967,73817.00,20.99,23887555,3999900,2388.755500,4.972038
fashion-mnist-784-euclidean,DeXOR,-1,0,1,0.2000,1,10,3,1,0.957200,5269.936367,8707.67,189.73,2574599,480536,257.459900,4.357765
fashion-mnist-784-euclidean,DeXOR,-1,0,1,0.2000,1,20,3,1,0.983400,8204.917067,12449.33,121.87,4022469,691298,402.246900,4.818719
fashion-mnist-784-euclidean,DeXOR,-1,0,1,0.2000,1,30,3,1,0.989900,11093.953300,16119.33,90.13,5450287,899007,545.028700,5.062563
fashion-mnist-784-euclidean,DeXOR,-1,0,1,0.2000,1,40,3,1,0.992900,13962.563267,19880.33,71.62,6865250,1104907,686.525000,5.213419
fashion-mnist-784-euclidean,DeXOR,-1,1,0,0.0000,1,10,3,1,0.959900,21085.694633,36280.67,47.42,10021737,1775369,1002.173700,5.076625
fashion-mnist-784-euclidean,DeXOR,-1,1,0,0.0000,1,20,3,1,0.985600,31912.412433,51869.33,31.34,15183899,2667145,1518.389900,5.125359
fashion-mnist-784-euclidean,DeXOR,-1,1,0,0.0000,1,30,3,1,0.992800,41407.989200,65614.33,24.15,19795177,3463561,1979.517700,5.147993
fashion-mnist-784-euclidean,DeXOR,-1,1,1,0.2000,1,10,3,1,0.957200,4533.417267,7881.00,220.55,2077159,359581,207.715900,5.205283
fashion-mnist-784-euclidean,DeXOR,-1,1,1,0.2000,1,20,3,1,0.983400,7136.946367,11369.00,140.10,3319328,568461,331.932800,5.269806
fashion-mnist-784-euclidean,DeXOR,-1,1,1,0.2000,1,30,3,1,0.989900,9708.426600,14679.00,102.99,4543744,774293,454.374400,5.299954
fashion-mnist-784-euclidean,DeXOR,-1,1,1,0.2000,1,40,3,1,0.992900,12265.989000,18271.67,81.52,5757071,978378,575.707100,5.317172