Dataset,Strategy,BinCenter,BinCount
gist-960-euclidean,IntraVector,-1.447182,0
gist-960-euclidean,IntraVector,-1.417946,0
gist-960-euclidean,IntraVector,-1.388710,0
gist-960-euclidean,IntraVector,-1.359474,0
gist-960-euclidean,IntraVector,-1.330238,0
gist-960-euclidean,IntraVector,-1.301002,0
gist-960-euclidean,IntraVector,-1.271766,1
gist-960-euclidean,IntraVector,-1.242530,0
gist-960-euclidean,IntraVector,-1.213294,1
gist-960-euclidean,IntraVector,-1.184058,2
gist-960-euclidean,IntraVector,-1.154822,0
gist-960-euclidean,IntraVector,-1.125586,1
gist-960-euclidean,IntraVector,-1.096350,0
gist-960-euclidean,IntraVector,-1.067114,2
gist-960-euclidean,IntraVector,-1.037878,1
gist-960-euclidean,IntraVector,-1.008642,1
gist-960-euclidean,IntraVector,-0.979406,1
gist-960-euclidean,IntraVector,-0.950170,6
gist-960-euclidean,IntraVector,-0.920934,13
gist-960-euclidean,IntraVector,-0.891698,11
gist-960-euclidean,IntraVector,-0.862462,25
gist-960-euclidean,IntraVector,-0.833226,20
gist-960-euclidean,IntraVector,-0.803990,39
gist-960-euclidean,IntraVector,-0.774754,69
gist-960-euclidean,IntraVector,-0.745518,85
gist-960-euclidean,IntraVector,-0.716282,148
gist-960-euclidean,IntraVector,-0.687046,200
gist-960-euclidean,IntraVector,-0.657810,288
gist-960-euclidean,IntraVector,-0.628574,459
gist-960-euclidean,IntraVector,-0.599338,664
gist-960-euclidean,IntraVector,-0.570102,1065
gist-960-euclidean,IntraVector,-0.540866,1618
gist-960-euclidean,IntraVector,-0.511630,2362
gist-960-euclidean,IntraVector,-0.482394,3705
gist-960-euclidean,IntraVector,-0.453158,5628
gist-960-euclidean,IntraVector,-0.423922,9038
gist-960-euclidean,IntraVector,-0.394686,14319
gist-960-euclidean,IntraVector,-0.365450,23927
gist-960-euclidean,IntraVector,-0.336214,41207
gist-960-euclidean,IntraVector,-0.306978,72994
gist-960-euclidean,IntraVector,-0.277742,136173
gist-960-euclidean,IntraVector,-0.248506,269512
gist-960-euclidean,IntraVector,-0.219270,554606
gist-960-euclidean,IntraVector,-0.190034,1204116
gist-960-euclidean,IntraVector,-0.160798,2780305
gist-960-euclidean,IntraVector,-0.131562,6726139
gist-960-euclidean,IntraVector,-0.102326,17060154
gist-960-euclidean,IntraVector,-0.073090,44791902
gist-960-euclidean,IntraVector,-0.043854,116475681
gist-960-euclidean,IntraVector,-0.014618,286670745
gist-960-euclidean,IntraVector,0.014618,291378984
gist-960-euclidean,IntraVector,0.043854,118009330
gist-960-euclidean,IntraVector,0.073090,44665581
gist-960-euclidean,IntraVector,0.102326,16731072
gist-960-euclidean,IntraVector,0.131562,6492811
gist-960-euclidean,IntraVector,0.160798,2654124
gist-960-euclidean,IntraVector,0.190034,1139503
gist-960-euclidean,IntraVector,0.219270,522857
gist-960-euclidean,IntraVector,0.248506,255047
gist-960-euclidean,IntraVector,0.277742,130004
gist-960-euclidean,IntraVector,0.306978,70475
gist-960-euclidean,IntraVector,0.336214,39716
gist-960-euclidean,IntraVector,0.365450,23587
gist-960-euclidean,IntraVector,0.394686,14178
gist-960-euclidean,IntraVector,0.423922,8873
gist-960-euclidean,IntraVector,0.453158,5759
gist-960-euclidean,IntraVector,0.482394,3631
gist-960-euclidean,IntraVector,0.511630,2491
gist-960-euclidean,IntraVector,0.540866,1595
gist-960-euclidean,IntraVector,0.570102,1044
gist-960-euclidean,IntraVector,0.599338,711
gist-960-euclidean,IntraVector,0.628574,471
gist-960-euclidean,IntraVector,0.657810,295
gist-960-euclidean,IntraVector,0.687046,195
gist-960-euclidean,IntraVector,0.716282,164
gist-960-euclidean,IntraVector,0.745518,102
gist-960-euclidean,IntraVector,0.774754,53
gist-960-euclidean,IntraVector,0.803990,44
gist-960-euclidean,IntraVector,0.833226,22
gist-960-euclidean,IntraVector,0.862462,20
gist-960-euclidean,IntraVector,0.891698,10
gist-960-euclidean,IntraVector,0.920934,6
gist-960-euclidean,IntraVector,0.950170,5
gist-960-euclidean,IntraVector,0.979406,2
gist-960-euclidean,IntraVector,1.008642,0
gist-960-euclidean,IntraVector,1.037878,2
gist-960-euclidean,IntraVector,1.067114,3
gist-960-euclidean,IntraVector,1.096350,0
gist-960-euclidean,IntraVector,1.125586,0
gist-960-euclidean,IntraVector,1.154822,0
gist-960-euclidean,IntraVector,1.184058,0
gist-960-euclidean,IntraVector,1.213294,0
gist-960-euclidean,IntraVector,1.242530,0
gist-960-euclidean,IntraVector,1.271766,0
gist-960-euclidean,IntraVector,1.301002,0
gist-960-euclidean,IntraVector,1.330238,0
gist-960-euclidean,IntraVector,1.359474,0
gist-960-euclidean,IntraVector,1.388710,0
gist-960-euclidean,IntraVector,1.417946,0
gist-960-euclidean,IntraVector,1.447182,0
gist-960-euclidean,IDOrder,-1.447182,1
gist-960-euclidean,IDOrder,-1.417946,0
gist-960-euclidean,IDOrder,-1.388710,1
gist-960-euclidean,IDOrder,-1.359474,1
gist-960-euclidean,IDOrder,-1.330238,2
gist-960-euclidean,IDOrder,-1.301002,1
gist-960-euclidean,IDOrder,-1.271766,4
gist-960-euclidean,IDOrder,-1.242530,10
gist-960-euclidean,IDOrder,-1.213294,6
gist-960-euclidean,IDOrder,-1.184058,5
gist-960-euclidean,IDOrder,-1.154822,7
gist-960-euclidean,IDOrder,-1.125586,8
gist-960-euclidean,IDOrder,-1.096350,19
gist-960-euclidean,IDOrder,-1.067114,26
gist-960-euclidean,IDOrder,-1.037878,33
gist-960-euclidean,IDOrder,-1.008642,49
gist-960-euclidean,IDOrder,-0.979406,84
gist-960-euclidean,IDOrder,-0.950170,100
gist-960-euclidean,IDOrder,-0.920934,120
gist-960-euclidean,IDOrder,-0.891698,181
gist-960-euclidean,IDOrder,-0.862462,239
gist-960-euclidean,IDOrder,-0.833226,326
gist-960-euclidean,IDOrder,-0.803990,512
gist-960-euclidean,IDOrder,-0.774754,708
gist-960-euclidean,IDOrder,-0.745518,921
gist-960-euclidean,IDOrder,-0.716282,1246
gist-960-euclidean,IDOrder,-0.687046,1816
gist-960-euclidean,IDOrder,-0.657810,2433
gist-960-euclidean,IDOrder,-0.628574,3417
gist-960-euclidean,IDOrder,-0.599338,4691
gist-960-euclidean,IDOrder,-0.570102,6830
gist-960-euclidean,IDOrder,-0.540866,9696
gist-960-euclidean,IDOrder,-0.511630,14011
gist-960-euclidean,IDOrder,-0.482394,20340
gist-960-euclidean,IDOrder,-0.453158,30207
gist-960-euclidean,IDOrder,-0.423922,45774
gist-960-euclidean,IDOrder,-0.394686,70545
gist-960-euclidean,IDOrder,-0.365450,110908
gist-960-euclidean,IDOrder,-0.336214,181624
gist-960-euclidean,IDOrder,-0.306978,305848
gist-960-euclidean,IDOrder,-0.277742,536079
gist-960-euclidean,IDOrder,-0.248506,973596
gist-960-euclidean,IDOrder,-0.219270,1829086
gist-960-euclidean,IDOrder,-0.190034,3589155
gist-960-euclidean,IDOrder,-0.160798,7322126
gist-960-euclidean,IDOrder,-0.131562,15255024
gist-960-euclidean,IDOrder,-0.102326,32357261
gist-960-euclidean,IDOrder,-0.073090,68047333
gist-960-euclidean,IDOrder,-0.043854,132345853
gist-960-euclidean,IDOrder,-0.014618,216501006
gist-960-euclidean,IDOrder,0.014618,217326377
gist-960-euclidean,IDOrder,0.043854,132384891
gist-960-euclidean,IDOrder,0.073090,68060608
gist-960-euclidean,IDOrder,0.102326,32361493
gist-960-euclidean,IDOrder,0.131562,15242561
gist-960-euclidean,IDOrder,0.160798,7313772
gist-960-euclidean,IDOrder,0.190034,3588054
gist-960-euclidean,IDOrder,0.219270,1830182
gist-960-euclidean,IDOrder,0.248506,974682
gist-960-euclidean,IDOrder,0.277742,534510
gist-960-euclidean,IDOrder,0.306978,305981
gist-960-euclidean,IDOrder,0.336214,181147
gist-960-euclidean,IDOrder,0.365450,111097
gist-960-euclidean,IDOrder,0.394686,70018
gist-960-euclidean,IDOrder,0.423922,45944
gist-960-euclidean,IDOrder,0.453158,30034
gist-960-euclidean,IDOrder,0.482394,20715
gist-960-euclidean,IDOrder,0.511630,14008
gist-960-euclidean,IDOrder,0.540866,9724
gist-960-euclidean,IDOrder,0.570102,6872
gist-960-euclidean,IDOrder,0.599338,4844
gist-960-euclidean,IDOrder,0.628574,3396
gist-960-euclidean,IDOrder,0.657810,2446
gist-960-euclidean,IDOrder,0.687046,1723
gist-960-euclidean,IDOrder,0.716282,1238
gist-960-euclidean,IDOrder,0.745518,935
gist-960-euclidean,IDOrder,0.774754,712
gist-960-euclidean,IDOrder,0.803990,528
gist-960-euclidean,IDOrder,0.833226,367
gist-960-euclidean,IDOrder,0.862462,226
gist-960-euclidean,IDOrder,0.891698,181
gist-960-euclidean,IDOrder,0.920934,138
gist-960-euclidean,IDOrder,0.950170,102
gist-960-euclidean,IDOrder,0.979406,84
gist-960-euclidean,IDOrder,1.008642,53
gist-960-euclidean,IDOrder,1.037878,30
gist-960-euclidean,IDOrder,1.067114,27
gist-960-euclidean,IDOrder,1.096350,15
gist-960-euclidean,IDOrder,1.125586,14
gist-960-euclidean,IDOrder,1.154822,6
gist-960-euclidean,IDOrder,1.184058,11
gist-960-euclidean,IDOrder,1.213294,7
gist-960-euclidean,IDOrder,1.242530,5
gist-960-euclidean,IDOrder,1.271766,1
gist-960-euclidean,IDOrder,1.301002,6
gist-960-euclidean,IDOrder,1.330238,0
gist-960-euclidean,IDOrder,1.359474,2
gist-960-euclidean,IDOrder,1.388710,1
gist-960-euclidean,IDOrder,1.417946,2
gist-960-euclidean,IDOrder,1.447182,1
gist-960-euclidean,GraphGuided,-1.447182,1
gist-960-euclidean,GraphGuided,-1.417946,0
gist-960-euclidean,GraphGuided,-1.388710,0
gist-960-euclidean,GraphGuided,-1.359474,1
gist-960-euclidean,GraphGuided,-1.330238,2
gist-960-euclidean,GraphGuided,-1.301002,0
gist-960-euclidean,GraphGuided,-1.271766,0
gist-960-euclidean,GraphGuided,-1.242530,2
gist-960-euclidean,GraphGuided,-1.213294,4
gist-960-euclidean,GraphGuided,-1.184058,2
gist-960-euclidean,GraphGuided,-1.154822,7
gist-960-euclidean,GraphGuided,-1.125586,4
gist-960-euclidean,GraphGuided,-1.096350,10
gist-960-euclidean,GraphGuided,-1.067114,26
gist-960-euclidean,GraphGuided,-1.037878,36
gist-960-euclidean,GraphGuided,-1.008642,31
gist-960-euclidean,GraphGuided,-0.979406,59
gist-960-euclidean,GraphGuided,-0.950170,68
gist-960-euclidean,GraphGuided,-0.920934,99
gist-960-euclidean,GraphGuided,-0.891698,147
gist-960-euclidean,GraphGuided,-0.862462,217
gist-960-euclidean,GraphGuided,-0.833226,359
gist-960-euclidean,GraphGuided,-0.803990,561
gist-960-euclidean,GraphGuided,-0.774754,773
gist-960-euclidean,GraphGuided,-0.745518,995
gist-960-euclidean,GraphGuided,-0.716282,1361
gist-960-euclidean,GraphGuided,-0.687046,1897
gist-960-euclidean,GraphGuided,-0.657810,2613
gist-960-euclidean,GraphGuided,-0.628574,3575
gist-960-euclidean,GraphGuided,-0.599338,5167
gist-960-euclidean,GraphGuided,-0.570102,7315
gist-960-euclidean,GraphGuided,-0.540866,10585
gist-960-euclidean,GraphGuided,-0.511630,15359
gist-960-euclidean,GraphGuided,-0.482394,22547
gist-960-euclidean,GraphGuided,-0.453158,33435
gist-960-euclidean,GraphGuided,-0.423922,49193
gist-960-euclidean,GraphGuided,-0.394686,76543
gist-960-euclidean,GraphGuided,-0.365450,121459
gist-960-euclidean,GraphGuided,-0.336214,198688
gist-960-euclidean,GraphGuided,-0.306978,335750
gist-960-euclidean,GraphGuided,-0.277742,591411
gist-960-euclidean,GraphGuided,-0.248506,1081734
gist-960-euclidean,GraphGuided,-0.219270,2038131
gist-960-euclidean,GraphGuided,-0.190034,3987256
gist-960-euclidean,GraphGuided,-0.160798,8115662
gist-960-euclidean,GraphGuided,-0.131562,16829778
gist-960-euclidean,GraphGuided,-0.102326,35268155
gist-960-euclidean,GraphGuided,-0.073090,72335494
gist-960-euclidean,GraphGuided,-0.043854,133916037
gist-960-euclidean,GraphGuided,-0.014618,200032877
gist-960-euclidean,GraphGuided,0.014618,200768127
gist-960-euclidean,GraphGuided,0.043854,133839849
gist-960-euclidean,GraphGuided,0.073090,72228216
gist-960-euclidean,GraphGuided,0.102326,35188235
gist-960-euclidean,GraphGuided,0.131562,16768594
gist-960-euclidean,GraphGuided,0.160798,8065656
gist-960-euclidean,GraphGuided,0.190034,3948116
gist-960-euclidean,GraphGuided,0.219270,2005506
gist-960-euclidean,GraphGuided,0.248506,1060041
gist-960-euclidean,GraphGuided,0.277742,577433
gist-960-euclidean,GraphGuided,0.306978,327562
gist-960-euclidean,GraphGuided,0.336214,194167
gist-960-euclidean,GraphGuided,0.365450,117301
gist-960-euclidean,GraphGuided,0.394686,74262
gist-960-euclidean,GraphGuided,0.423922,48235
gist-960-euclidean,GraphGuided,0.453158,31669
gist-960-euclidean,GraphGuided,0.482394,21570
gist-960-euclidean,GraphGuided,0.511630,14766
gist-960-euclidean,GraphGuided,0.540866,10078
gist-960-euclidean,GraphGuided,0.570102,7109
gist-960-euclidean,GraphGuided,0.599338,5043
gist-960-euclidean,GraphGuided,0.628574,3653
gist-960-euclidean,GraphGuided,0.657810,2622
gist-960-euclidean,GraphGuided,0.687046,1832
gist-960-euclidean,GraphGuided,0.716282,1396
gist-960-euclidean,GraphGuided,0.745518,993
gist-960-euclidean,GraphGuided,0.774754,690
gist-960-euclidean,GraphGuided,0.803990,498
gist-960-euclidean,GraphGuided,0.833226,381
gist-960-euclidean,GraphGuided,0.862462,277
gist-960-euclidean,GraphGuided,0.891698,204
gist-960-euclidean,GraphGuided,0.920934,139
gist-960-euclidean,GraphGuided,0.950170,97
gist-960-euclidean,GraphGuided,0.979406,69
gist-960-euclidean,GraphGuided,1.008642,47
gist-960-euclidean,GraphGuided,1.037878,39
gist-960-euclidean,GraphGuided,1.067114,30
gist-960-euclidean,GraphGuided,1.096350,20
gist-960-euclidean,GraphGuided,1.125586,10
gist-960-euclidean,GraphGuided,1.154822,10
gist-960-euclidean,GraphGuided,1.184058,7
gist-960-euclidean,GraphGuided,1.213294,9
gist-960-euclidean,GraphGuided,1.242530,6
gist-960-euclidean,GraphGuided,1.271766,1
gist-960-euclidean,GraphGuided,1.301002,2
gist-960-euclidean,GraphGuided,1.330238,1
gist-960-euclidean,GraphGuided,1.359474,2
gist-960-euclidean,GraphGuided,1.388710,1
gist-960-euclidean,GraphGuided,1.417946,0
gist-960-euclidean,GraphGuided,1.447182,3
fashion-mnist-784-euclidean,IntraVector,-252.450000,38224
fashion-mnist-784-euclidean,IntraVector,-247.350000,12738
fashion-mnist-784-euclidean,IntraVector,-242.250000,14570
fashion-mnist-784-euclidean,IntraVector,-237.150000,16804
fashion-mnist-784-euclidean,IntraVector,-232.050000,20170
fashion-mnist-784-euclidean,IntraVector,-226.950000,24077
fashion-mnist-784-euclidean,IntraVector,-221.850000,27721
fashion-mnist-784-euclidean,IntraVector,-216.750000,31504
fashion-mnist-784-euclidean,IntraVector,-211.650000,35416
fashion-mnist-784-euclidean,IntraVector,-206.550000,38569
fashion-mnist-784-euclidean,IntraVector,-201.450000,50567
fashion-mnist-784-euclidean,IntraVector,-196.350000,45069
fashion-mnist-784-euclidean,IntraVector,-191.250000,48192
fashion-mnist-784-euclidean,IntraVector,-186.150000,51563
fashion-mnist-784-euclidean,IntraVector,-181.050000,54015
fashion-mnist-784-euclidean,IntraVector,-175.950000,56419
fashion-mnist-784-euclidean,IntraVector,-170.850000,58800
fashion-mnist-784-euclidean,IntraVector,-165.750000,62011
fashion-mnist-784-euclidean,IntraVector,-160.650000,64170
fashion-mnist-784-euclidean,IntraVector,-155.550000,66709
fashion-mnist-784-euclidean,IntraVector,-150.450000,84249
fashion-mnist-784-euclidean,IntraVector,-145.350000,73783
fashion-mnist-784-euclidean,IntraVector,-140.250000,76523
fashion-mnist-784-euclidean,IntraVector,-135.150000,79592
fashion-mnist-784-euclidean,IntraVector,-130.050000,83512
fashion-mnist-784-euclidean,IntraVector,-124.950000,86245
fashion-mnist-784-euclidean,IntraVector,-119.850000,90989
fashion-mnist-784-euclidean,IntraVector,-114.750000,95929
fashion-mnist-784-euclidean,IntraVector,-109.650000,99768
fashion-mnist-784-euclidean,IntraVector,-104.550000,105397
fashion-mnist-784-euclidean,IntraVector,-99.450000,134571
fashion-mnist-784-euclidean,IntraVector,-94.350000,118850
fashion-mnist-784-euclidean,IntraVector,-89.250000,125486
fashion-mnist-784-euclidean,IntraVector,-84.150000,133229
fashion-mnist-784-euclidean,IntraVector,-79.050000,143064
fashion-mnist-784-euclidean,IntraVector,-73.950000,154446
fashion-mnist-784-euclidean,IntraVector,-68.850000,167311
fashion-mnist-784-euclidean,IntraVector,-63.750000,182943
fashion-mnist-784-euclidean,IntraVector,-58.650000,202357
fashion-mnist-784-euclidean,IntraVector,-53.550000,225294
fashion-mnist-784-euclidean,IntraVector,-48.450000,310550
fashion-mnist-784-euclidean,IntraVector,-43.350000,301360
fashion-mnist-784-euclidean,IntraVector,-38.250000,351103
fashion-mnist-784-euclidean,IntraVector,-33.150000,413045
fashion-mnist-784-euclidean,IntraVector,-28.050000,494158
fashion-mnist-784-euclidean,IntraVector,-22.950000,609404
fashion-mnist-784-euclidean,IntraVector,-17.850000,773197
fashion-mnist-784-euclidean,IntraVector,-12.750000,1024243
fashion-mnist-784-euclidean,IntraVector,-7.650000,1545658
fashion-mnist-784-euclidean,IntraVector,-2.550000,3386086
fashion-mnist-784-euclidean,IntraVector,2.550000,25436444
fashion-mnist-784-euclidean,IntraVector,7.650000,1530866
fashion-mnist-784-euclidean,IntraVector,12.750000,1020361
fashion-mnist-784-euclidean,IntraVector,17.850000,769103
fashion-mnist-784-euclidean,IntraVector,22.950000,606102
fashion-mnist-784-euclidean,IntraVector,28.050000,492547
fashion-mnist-784-euclidean,IntraVector,33.150000,411702
fashion-mnist-784-euclidean,IntraVector,38.250000,348323
fashion-mnist-784-euclidean,IntraVector,43.350000,296128
fashion-mnist-784-euclidean,IntraVector,48.450000,256210
fashion-mnist-784-euclidean,IntraVector,53.550000,269144
fashion-mnist-784-euclidean,IntraVector,58.650000,197847
fashion-mnist-784-euclidean,IntraVector,63.750000,178940
fashion-mnist-784-euclidean,IntraVector,68.850000,164887
fashion-mnist-784-euclidean,IntraVector,73.950000,153415
fashion-mnist-784-euclidean,IntraVector,79.050000,142709
fashion-mnist-784-euclidean,IntraVector,84.150000,133471
fashion-mnist-784-euclidean,IntraVector,89.250000,125707
fashion-mnist-784-euclidean,IntraVector,94.350000,119003
fashion-mnist-784-euclidean,IntraVector,99.450000,112550
fashion-mnist-784-euclidean,IntraVector,104.550000,128279
fashion-mnist-784-euclidean,IntraVector,109.650000,100957
fashion-mnist-784-euclidean,IntraVector,114.750000,96231
fashion-mnist-784-euclidean,IntraVector,119.850000,91336
fashion-mnist-784-euclidean,IntraVector,124.950000,86603
fashion-mnist-784-euclidean,IntraVector,130.050000,84414
fashion-mnist-784-euclidean,IntraVector,135.150000,80261
fashion-mnist-784-euclidean,IntraVector,140.250000,76717
fashion-mnist-784-euclidean,IntraVector,145.350000,73255
fashion-mnist-784-euclidean,IntraVector,150.450000,69729
fashion-mnist-784-euclidean,IntraVector,155.550000,80910
fashion-mnist-784-euclidean,IntraVector,160.650000,63790
fashion-mnist-784-euclidean,IntraVector,165.750000,60961
fashion-mnist-784-euclidean,IntraVector,170.850000,58656
fashion-mnist-784-euclidean,IntraVector,175.950000,55969
fashion-mnist-784-euclidean,IntraVector,181.050000,52945
fashion-mnist-784-euclidean,IntraVector,186.150000,50953
fashion-mnist-784-euclidean,IntraVector,191.250000,47582
fashion-mnist-784-euclidean,IntraVector,196.350000,45124
fashion-mnist-784-euclidean,IntraVector,201.450000,42343
fashion-mnist-784-euclidean,IntraVector,206.550000,46763
fashion-mnist-784-euclidean,IntraVector,211.650000,35169
fashion-mnist-784-euclidean,IntraVector,216.750000,32053
fashion-mnist-784-euclidean,IntraVector,221.850000,28634
fashion-mnist-784-euclidean,IntraVector,226.950000,24940
fashion-mnist-784-euclidean,IntraVector,232.050000,21117
fashion-mnist-784-euclidean,IntraVector,237.150000,17886
fashion-mnist-784-euclidean,IntraVector,242.250000,15337
fashion-mnist-784-euclidean,IntraVector,247.350000,13552
fashion-mnist-784-euclidean,IntraVector,252.450000,42425
fashion-mnist-784-euclidean,IDOrder,-252.450000,222506
fashion-mnist-784-euclidean,IDOrder,-247.350000,97099
fashion-mnist-784-euclidean,IDOrder,-242.250000,132420
fashion-mnist-784-euclidean,IDOrder,-237.150000,178435
fashion-mnist-784-euclidean,IDOrder,-232.050000,225495
fashion-mnist-784-euclidean,IDOrder,-226.950000,260346
fashion-mnist-784-euclidean,IDOrder,-221.850000,277355
fashion-mnist-784-euclidean,IDOrder,-216.750000,284300
fashion-mnist-784-euclidean,IDOrder,-211.650000,284040
fashion-mnist-784-euclidean,IDOrder,-206.550000,280643
fashion-mnist-784-euclidean,IDOrder,-201.450000,328685
fashion-mnist-784-euclidean,IDOrder,-196.350000,269537
fashion-mnist-784-euclidean,IDOrder,-191.250000,263007
fashion-mnist-784-euclidean,IDOrder,-186.150000,257494
fashion-mnist-784-euclidean,IDOrder,-181.050000,252990
fashion-mnist-784-euclidean,IDOrder,-175.950000,249791
fashion-mnist-784-euclidean,IDOrder,-170.850000,246125
fashion-mnist-784-euclidean,IDOrder,-165.750000,246859
fashion-mnist-784-euclidean,IDOrder,-160.650000,245904
fashion-mnist-784-euclidean,IDOrder,-155.550000,247236
fashion-mnist-784-euclidean,IDOrder,-150.450000,294235
fashion-mnist-784-euclidean,IDOrder,-145.350000,249408
fashion-mnist-784-euclidean,IDOrder,-140.250000,250854
fashion-mnist-784-euclidean,IDOrder,-135.150000,253727
fashion-mnist-784-euclidean,IDOrder,-130.050000,258979
fashion-mnist-784-euclidean,IDOrder,-124.950000,258168
fashion-mnist-784-euclidean,IDOrder,-119.850000,264546
fashion-mnist-784-euclidean,IDOrder,-114.750000,268518
fashion-mnist-784-euclidean,IDOrder,-109.650000,273015
fashion-mnist-784-euclidean,IDOrder,-104.550000,276909
fashion-mnist-784-euclidean,IDOrder,-99.450000,338174
fashion-mnist-784-euclidean,IDOrder,-94.350000,288553
fashion-mnist-784-euclidean,IDOrder,-89.250000,295231
fashion-mnist-784-euclidean,IDOrder,-84.150000,300148
fashion-mnist-784-euclidean,IDOrder,-79.050000,310266
fashion-mnist-784-euclidean,IDOrder,-73.950000,317153
fashion-mnist-784-euclidean,IDOrder,-68.850000,325334
fashion-mnist-784-euclidean,IDOrder,-63.750000,334854
fashion-mnist-784-euclidean,IDOrder,-58.650000,345513
fashion-mnist-784-euclidean,IDOrder,-53.550000,354896
fashion-mnist-784-euclidean,IDOrder,-48.450000,439008
fashion-mnist-784-euclidean,IDOrder,-43.350000,380232
fashion-mnist-784-euclidean,IDOrder,-38.250000,392935
fashion-mnist-784-euclidean,IDOrder,-33.150000,404624
fashion-mnist-784-euclidean,IDOrder,-28.050000,416093
fashion-mnist-784-euclidean,IDOrder,-22.950000,428058
fashion-mnist-784-euclidean,IDOrder,-17.850000,441512
fashion-mnist-784-euclidean,IDOrder,-12.750000,453724
fashion-mnist-784-euclidean,IDOrder,-7.650000,494771
fashion-mnist-784-euclidean,IDOrder,-2.550000,1014481
fashion-mnist-784-euclidean,IDOrder,2.550000,16907363
fashion-mnist-784-euclidean,IDOrder,7.650000,493769
fashion-mnist-784-euclidean,IDOrder,12.750000,452789
fashion-mnist-784-euclidean,IDOrder,17.850000,443447
fashion-mnist-784-euclidean,IDOrder,22.950000,431263
fashion-mnist-784-euclidean,IDOrder,28.050000,418967
fashion-mnist-784-euclidean,IDOrder,33.150000,406328
fashion-mnist-784-euclidean,IDOrder,38.250000,392263
fashion-mnist-784-euclidean,IDOrder,43.350000,377577
fashion-mnist-784-euclidean,IDOrder,48.450000,364548
fashion-mnist-784-euclidean,IDOrder,53.550000,427761
fashion-mnist-784-euclidean,IDOrder,58.650000,343048
fashion-mnist-784-euclidean,IDOrder,63.750000,332113
fashion-mnist-784-euclidean,IDOrder,68.850000,323766
fashion-mnist-784-euclidean,IDOrder,73.950000,315016
fashion-mnist-784-euclidean,IDOrder,79.050000,309309
fashion-mnist-784-euclidean,IDOrder,84.150000,301599
fashion-mnist-784-euclidean,IDOrder,89.250000,295401
fashion-mnist-784-euclidean,IDOrder,94.350000,289302
fashion-mnist-784-euclidean,IDOrder,99.450000,280372
fashion-mnist-784-euclidean,IDOrder,104.550000,335426
fashion-mnist-784-euclidean,IDOrder,109.650000,273598
fashion-mnist-784-euclidean,IDOrder,114.750000,269318
fashion-mnist-784-euclidean,IDOrder,119.850000,265466
fashion-mnist-784-euclidean,IDOrder,124.950000,258320
fashion-mnist-784-euclidean,IDOrder,130.050000,259175
fashion-mnist-784-euclidean,IDOrder,135.150000,254573
fashion-mnist-784-euclidean,IDOrder,140.250000,251396
fashion-mnist-784-euclidean,IDOrder,145.350000,249142
fashion-mnist-784-euclidean,IDOrder,150.450000,244120
fashion-mnist-784-euclidean,IDOrder,155.550000,298307
fashion-mnist-784-euclidean,IDOrder,160.650000,245233
fashion-mnist-784-euclidean,IDOrder,165.750000,245728
fashion-mnist-784-euclidean,IDOrder,170.850000,246133
fashion-mnist-784-euclidean,IDOrder,175.950000,248649
fashion-mnist-784-euclidean,IDOrder,181.050000,252815
fashion-mnist-784-euclidean,IDOrder,186.150000,258090
fashion-mnist-784-euclidean,IDOrder,191.250000,262098
fashion-mnist-784-euclidean,IDOrder,196.350000,268379
fashion-mnist-784-euclidean,IDOrder,201.450000,271103
fashion-mnist-784-euclidean,IDOrder,206.550000,337547
fashion-mnist-784-euclidean,IDOrder,211.650000,282681
fashion-mnist-784-euclidean,IDOrder,216.750000,283743
fashion-mnist-784-euclidean,IDOrder,221.850000,276551
fashion-mnist-784-euclidean,IDOrder,226.950000,261214
fashion-mnist-784-euclidean,IDOrder,232.050000,225849
fashion-mnist-784-euclidean,IDOrder,237.150000,179593
fashion-mnist-784-euclidean,IDOrder,242.250000,132523
fashion-mnist-784-euclidean,IDOrder,247.350000,98514
fashion-mnist-784-euclidean,IDOrder,252.450000,223745
fashion-mnist-784-euclidean,GraphGuided,-252.450000,217828
fashion-mnist-784-euclidean,GraphGuided,-247.350000,94910
fashion-mnist-784-euclidean,GraphGuided,-242.250000,129549
fashion-mnist-784-euclidean,GraphGuided,-237.150000,174168
fashion-mnist-784-euclidean,GraphGuided,-232.050000,217700
fashion-mnist-784-euclidean,GraphGuided,-226.950000,249797
fashion-mnist-784-euclidean,GraphGuided,-221.850000,266729
fashion-mnist-784-euclidean,GraphGuided,-216.750000,275389
fashion-mnist-784-euclidean,GraphGuided,-211.650000,276368
fashion-mnist-784-euclidean,GraphGuided,-206.550000,277908
fashion-mnist-784-euclidean,GraphGuided,-201.450000,325111
fashion-mnist-784-euclidean,GraphGuided,-196.350000,264961
fashion-mnist-784-euclidean,GraphGuided,-191.250000,257096
fashion-mnist-784-euclidean,GraphGuided,-186.150000,254288
fashion-mnist-784-euclidean,GraphGuided,-181.050000,250871
fashion-mnist-784-euclidean,GraphGuided,-175.950000,248290
fashion-mnist-784-euclidean,GraphGuided,-170.850000,245621
fashion-mnist-784-euclidean,GraphGuided,-165.750000,245166
fashion-mnist-784-euclidean,GraphGuided,-160.650000,242542
fashion-mnist-784-euclidean,GraphGuided,-155.550000,243253
fashion-mnist-784-euclidean,GraphGuided,-150.450000,290714
fashion-mnist-784-euclidean,GraphGuided,-145.350000,243845
fashion-mnist-784-euclidean,GraphGuided,-140.250000,246183
fashion-mnist-784-euclidean,GraphGuided,-135.150000,249108
fashion-mnist-784-euclidean,GraphGuided,-130.050000,255128
fashion-mnist-784-euclidean,GraphGuided,-124.950000,254190
fashion-mnist-784-euclidean,GraphGuided,-119.850000,260412
fashion-mnist-784-euclidean,GraphGuided,-114.750000,263011
fashion-mnist-784-euclidean,GraphGuided,-109.650000,268172
fashion-mnist-784-euclidean,GraphGuided,-104.550000,272510
fashion-mnist-784-euclidean,GraphGuided,-99.450000,334944
fashion-mnist-784-euclidean,GraphGuided,-94.350000,285398
fashion-mnist-784-euclidean,GraphGuided,-89.250000,289884
fashion-mnist-784-euclidean,GraphGuided,-84.150000,296252
fashion-mnist-784-euclidean,GraphGuided,-79.050000,304667
fashion-mnist-784-euclidean,GraphGuided,-73.950000,311816
fashion-mnist-784-euclidean,GraphGuided,-68.850000,320430
fashion-mnist-784-euclidean,GraphGuided,-63.750000,330924
fashion-mnist-784-euclidean,GraphGuided,-58.650000,341256
fashion-mnist-784-euclidean,GraphGuided,-53.550000,350620
fashion-mnist-784-euclidean,GraphGuided,-48.450000,432481
fashion-mnist-784-euclidean,GraphGuided,-43.350000,373801
fashion-mnist-784-euclidean,GraphGuided,-38.250000,386341
fashion-mnist-784-euclidean,GraphGuided,-33.150000,397458
fashion-mnist-784-euclidean,GraphGuided,-28.050000,409563
fashion-mnist-784-euclidean,GraphGuided,-22.950000,424094
fashion-mnist-784-euclidean,GraphGuided,-17.850000,436889
fashion-mnist-784-euclidean,GraphGuided,-12.750000,445399
fashion-mnist-784-euclidean,GraphGuided,-7.650000,482433
fashion-mnist-784-euclidean,GraphGuided,-2.550000,995264
fashion-mnist-784-euclidean,GraphGuided,2.550000,16779631
fashion-mnist-784-euclidean,GraphGuided,7.650000,485649
fashion-mnist-784-euclidean,GraphGuided,12.750000,448109
fashion-mnist-784-euclidean,GraphGuided,17.850000,436374
fashion-mnist-784-euclidean,GraphGuided,22.950000,424369
fashion-mnist-784-euclidean,GraphGuided,28.050000,413243
fashion-mnist-784-euclidean,GraphGuided,33.150000,401245
fashion-mnist-784-euclidean,GraphGuided,38.250000,390299
fashion-mnist-784-euclidean,GraphGuided,43.350000,377829
fashion-mnist-784-euclidean,GraphGuided,48.450000,364023
fashion-mnist-784-euclidean,GraphGuided,53.550000,425826
fashion-mnist-784-euclidean,GraphGuided,58.650000,342251
fashion-mnist-784-euclidean,GraphGuided,63.750000,332170
fashion-mnist-784-euclidean,GraphGuided,68.850000,323004
fashion-mnist-784-euclidean,GraphGuided,73.950000,314727
fashion-mnist-784-euclidean,GraphGuided,79.050000,307762
fashion-mnist-784-euclidean,GraphGuided,84.150000,298484
fashion-mnist-784-euclidean,GraphGuided,89.250000,292555
fashion-mnist-784-euclidean,GraphGuided,94.350000,287795
fashion-mnist-784-euclidean,GraphGuided,99.450000,277836
fashion-mnist-784-euclidean,GraphGuided,104.550000,332676
fashion-mnist-784-euclidean,GraphGuided,109.650000,270406
fashion-mnist-784-euclidean,GraphGuided,114.750000,267036
fashion-mnist-784-euclidean,GraphGuided,119.850000,262284
fashion-mnist-784-euclidean,GraphGuided,124.950000,257061
fashion-mnist-784-euclidean,GraphGuided,130.050000,257260
fashion-mnist-784-euclidean,GraphGuided,135.150000,251581
fashion-mnist-784-euclidean,GraphGuided,140.250000,249156
fashion-mnist-784-euclidean,GraphGuided,145.350000,247622
fashion-mnist-784-euclidean,GraphGuided,150.450000,243010
fashion-mnist-784-euclidean,GraphGuided,155.550000,298225
fashion-mnist-784-euclidean,GraphGuided,160.650000,245577
fashion-mnist-784-euclidean,GraphGuided,165.750000,246686
fashion-mnist-784-euclidean,GraphGuided,170.850000,245549
fashion-mnist-784-euclidean,GraphGuided,175.950000,248662
fashion-mnist-784-euclidean,GraphGuided,181.050000,251381
fashion-mnist-784-euclidean,GraphGuided,186.150000,256202
fashion-mnist-784-euclidean,GraphGuided,191.250000,261197
fashion-mnist-784-euclidean,GraphGuided,196.350000,266517
fashion-mnist-784-euclidean,GraphGuided,201.450000,271705
fashion-mnist-784-euclidean,GraphGuided,206.550000,336958
fashion-mnist-784-euclidean,GraphGuided,211.650000,283771
fashion-mnist-784-euclidean,GraphGuided,216.750000,284430
fashion-mnist-784-euclidean,GraphGuided,221.850000,278387
fashion-mnist-784-euclidean,GraphGuided,226.950000,261753
fashion-mnist-784-euclidean,GraphGuided,232.050000,228364
fashion-mnist-784-euclidean,GraphGuided,237.150000,179426
fashion-mnist-784-euclidean,GraphGuided,242.250000,132447
fashion-mnist-784-euclidean,GraphGuided,247.350000,97863
fashion-mnist-784-euclidean,GraphGuided,252.450000,222495
mnist-784-euclidean,IntraVector,-252.450000,40487
mnist-784-euclidean,IntraVector,-247.350000,8059
mnist-784-euclidean,IntraVector,-242.250000,11640
mnist-784-euclidean,IntraVector,-237.150000,13916
mnist-784-euclidean,IntraVector,-232.050000,24653
mnist-784-euclidean,IntraVector,-226.950000,27050
mnist-784-euclidean,IntraVector,-221.850000,27550
mnist-784-euclidean,IntraVector,-216.750000,34259
mnist-784-euclidean,IntraVector,-211.650000,41349
mnist-784-euclidean,IntraVector,-206.550000,45997
mnist-784-euclidean,IntraVector,-201.450000,61830
mnist-784-euclidean,IntraVector,-196.350000,65775
mnist-784-euclidean,IntraVector,-191.250000,83997
mnist-784-euclidean,IntraVector,-186.150000,66636
mnist-784-euclidean,IntraVector,-181.050000,70968
mnist-784-euclidean,IntraVector,-175.950000,63624
mnist-784-euclidean,IntraVector,-170.850000,75931
mnist-784-euclidean,IntraVector,-165.750000,64156
mnist-784-euclidean,IntraVector,-160.650000,63396
mnist-784-euclidean,IntraVector,-155.550000,60552
mnist-784-euclidean,IntraVector,-150.450000,75567
mnist-784-euclidean,IntraVector,-145.350000,65206
mnist-784-euclidean,IntraVector,-140.250000,72583
mnist-784-euclidean,IntraVector,-135.150000,65719
mnist-784-euclidean,IntraVector,-130.050000,87122
mnist-784-euclidean,IntraVector,-124.950000,103181
mnist-784-euclidean,IntraVector,-119.850000,76334
mnist-784-euclidean,IntraVector,-114.750000,82599
mnist-784-euclidean,IntraVector,-109.650000,78494
mnist-784-euclidean,IntraVector,-104.550000,78112
mnist-784-euclidean,IntraVector,-99.450000,96390
mnist-784-euclidean,IntraVector,-94.350000,77227
mnist-784-euclidean,IntraVector,-89.250000,80026
mnist-784-euclidean,IntraVector,-84.150000,114897
mnist-784-euclidean,IntraVector,-79.050000,89289
mnist-784-euclidean,IntraVector,-73.950000,88097
mnist-784-euclidean,IntraVector,-68.850000,89536
mnist-784-euclidean,IntraVector,-63.750000,129023
mnist-784-euclidean,IntraVector,-58.650000,106817
mnist-784-euclidean,IntraVector,-53.550000,99487
mnist-784-euclidean,IntraVector,-48.450000,129665
mnist-784-euclidean,IntraVector,-43.350000,115244
mnist-784-euclidean,IntraVector,-38.250000,119056
mnist-784-euclidean,IntraVector,-33.150000,116806
mnist-784-euclidean,IntraVector,-28.050000,141468
mnist-784-euclidean,IntraVector,-22.950000,144677
mnist-784-euclidean,IntraVector,-17.850000,155800
mnist-784-euclidean,IntraVector,-12.750000,160754
mnist-784-euclidean,IntraVector,-7.650000,184973
mnist-784-euclidean,IntraVector,-2.550000,429804
mnist-784-euclidean,IntraVector,2.550000,38591818
mnist-784-euclidean,IntraVector,7.650000,184758
mnist-784-euclidean,IntraVector,12.750000,166604
mnist-784-euclidean,IntraVector,17.850000,157759
mnist-784-euclidean,IntraVector,22.950000,141638
mnist-784-euclidean,IntraVector,28.050000,141057
mnist-784-euclidean,IntraVector,33.150000,116751
mnist-784-euclidean,IntraVector,38.250000,122057
mnist-784-euclidean,IntraVector,43.350000,115169
mnist-784-euclidean,IntraVector,48.450000,103717
mnist-784-euclidean,IntraVector,53.550000,124572
mnist-784-euclidean,IntraVector,58.650000,107280
mnist-784-euclidean,IntraVector,63.750000,129560
mnist-784-euclidean,IntraVector,68.850000,88102
mnist-784-euclidean,IntraVector,73.950000,89347
mnist-784-euclidean,IntraVector,79.050000,91345
mnist-784-euclidean,IntraVector,84.150000,113488
mnist-784-euclidean,IntraVector,89.250000,78232
mnist-784-euclidean,IntraVector,94.350000,79604
mnist-784-euclidean,IntraVector,99.450000,81819
mnist-784-euclidean,IntraVector,104.550000,93227
mnist-784-euclidean,IntraVector,109.650000,79467
mnist-784-euclidean,IntraVector,114.750000,81939
mnist-784-euclidean,IntraVector,119.850000,76529
mnist-784-euclidean,IntraVector,124.950000,100246
mnist-784-euclidean,IntraVector,130.050000,89058
mnist-784-euclidean,IntraVector,135.150000,63274
mnist-784-euclidean,IntraVector,140.250000,75273
mnist-784-euclidean,IntraVector,145.350000,65054
mnist-784-euclidean,IntraVector,150.450000,64847
mnist-784-euclidean,IntraVector,155.550000,72544
mnist-784-euclidean,IntraVector,160.650000,66392
mnist-784-euclidean,IntraVector,165.750000,62013
mnist-784-euclidean,IntraVector,170.850000,74976
mnist-784-euclidean,IntraVector,175.950000,64643
mnist-784-euclidean,IntraVector,181.050000,68684
mnist-784-euclidean,IntraVector,186.150000,66333
mnist-784-euclidean,IntraVector,191.250000,81188
mnist-784-euclidean,IntraVector,196.350000,65584
mnist-784-euclidean,IntraVector,201.450000,54176
mnist-784-euclidean,IntraVector,206.550000,53358
mnist-784-euclidean,IntraVector,211.650000,41186
mnist-784-euclidean,IntraVector,216.750000,34021
mnist-784-euclidean,IntraVector,221.850000,26200
mnist-784-euclidean,IntraVector,226.950000,28209
mnist-784-euclidean,IntraVector,232.050000,22090
mnist-784-euclidean,IntraVector,237.150000,14937
mnist-784-euclidean,IntraVector,242.250000,11581
mnist-784-euclidean,IntraVector,247.350000,7929
mnist-784-euclidean,IntraVector,252.450000,44587
mnist-784-euclidean,IDOrder,-252.450000,1772944
mnist-784-euclidean,IDOrder,-247.350000,125764
mnist-784-euclidean,IDOrder,-242.250000,122546
mnist-784-euclidean,IDOrder,-237.150000,103591
mnist-784-euclidean,IDOrder,-232.050000,111942
mnist-784-euclidean,IDOrder,-226.950000,103328
mnist-784-euclidean,IDOrder,-221.850000,92639
mnist-784-euclidean,IDOrder,-216.750000,85117
mnist-784-euclidean,IDOrder,-211.650000,90488
mnist-784-euclidean,IDOrder,-206.550000,79269
mnist-784-euclidean,IDOrder,-201.450000,95495
mnist-784-euclidean,IDOrder,-196.350000,86762
mnist-784-euclidean,IDOrder,-191.250000,101101
mnist-784-euclidean,IDOrder,-186.150000,72407
mnist-784-euclidean,IDOrder,-181.050000,73343
mnist-784-euclidean,IDOrder,-175.950000,70815
mnist-784-euclidean,IDOrder,-170.850000,87495
mnist-784-euclidean,IDOrder,-165.750000,74468
mnist-784-euclidean,IDOrder,-160.650000,74339
mnist-784-euclidean,IDOrder,-155.550000,73918
mnist-784-euclidean,IDOrder,-150.450000,90546
mnist-784-euclidean,IDOrder,-145.350000,75567
mnist-784-euclidean,IDOrder,-140.250000,84557
mnist-784-euclidean,IDOrder,-135.150000,72865
mnist-784-euclidean,IDOrder,-130.050000,110349
mnist-784-euclidean,IDOrder,-124.950000,84545
mnist-784-euclidean,IDOrder,-119.850000,76547
mnist-784-euclidean,IDOrder,-114.750000,84185
mnist-784-euclidean,IDOrder,-109.650000,80695
mnist-784-euclidean,IDOrder,-104.550000,77562
mnist-784-euclidean,IDOrder,-99.450000,94928
mnist-784-euclidean,IDOrder,-94.350000,81003
mnist-784-euclidean,IDOrder,-89.250000,74611
mnist-784-euclidean,IDOrder,-84.150000,101619
mnist-784-euclidean,IDOrder,-79.050000,79870
mnist-784-euclidean,IDOrder,-73.950000,81816
mnist-784-euclidean,IDOrder,-68.850000,83276
mnist-784-euclidean,IDOrder,-63.750000,111179
mnist-784-euclidean,IDOrder,-58.650000,96561
mnist-784-euclidean,IDOrder,-53.550000,92952
mnist-784-euclidean,IDOrder,-48.450000,122645
mnist-784-euclidean,IDOrder,-43.350000,104608
mnist-784-euclidean,IDOrder,-38.250000,108431
mnist-784-euclidean,IDOrder,-33.150000,109237
mnist-784-euclidean,IDOrder,-28.050000,126125
mnist-784-euclidean,IDOrder,-22.950000,133415
mnist-784-euclidean,IDOrder,-17.850000,140908
mnist-784-euclidean,IDOrder,-12.750000,152008
mnist-784-euclidean,IDOrder,-7.650000,169216
mnist-784-euclidean,IDOrder,-2.550000,392965
mnist-784-euclidean,IDOrder,2.550000,33849254
mnist-784-euclidean,IDOrder,7.650000,168432
mnist-784-euclidean,IDOrder,12.750000,152395
mnist-784-euclidean,IDOrder,17.850000,141174
mnist-784-euclidean,IDOrder,22.950000,133659
mnist-784-euclidean,IDOrder,28.050000,125760
mnist-784-euclidean,IDOrder,33.150000,108764
mnist-784-euclidean,IDOrder,38.250000,109426
mnist-784-euclidean,IDOrder,43.350000,104515
mnist-784-euclidean,IDOrder,48.450000,100194
mnist-784-euclidean,IDOrder,53.550000,115219
mnist-784-euclidean,IDOrder,58.650000,96387
mnist-784-euclidean,IDOrder,63.750000,111021
mnist-784-euclidean,IDOrder,68.850000,83438
mnist-784-euclidean,IDOrder,73.950000,81475
mnist-784-euclidean,IDOrder,79.050000,80029
mnist-784-euclidean,IDOrder,84.150000,102084
mnist-784-euclidean,IDOrder,89.250000,74308
mnist-784-euclidean,IDOrder,94.350000,80749
mnist-784-euclidean,IDOrder,99.450000,75967
mnist-784-euclidean,IDOrder,104.550000,95857
mnist-784-euclidean,IDOrder,109.650000,79981
mnist-784-euclidean,IDOrder,114.750000,83501
mnist-784-euclidean,IDOrder,119.850000,76320
mnist-784-euclidean,IDOrder,124.950000,84701
mnist-784-euclidean,IDOrder,130.050000,110172
mnist-784-euclidean,IDOrder,135.150000,72399
mnist-784-euclidean,IDOrder,140.250000,84372
mnist-784-euclidean,IDOrder,145.350000,75329
mnist-784-euclidean,IDOrder,150.450000,76166
mnist-784-euclidean,IDOrder,155.550000,87952
mnist-784-euclidean,IDOrder,160.650000,74124
mnist-784-euclidean,IDOrder,165.750000,74690
mnist-784-euclidean,IDOrder,170.850000,88016
mnist-784-euclidean,IDOrder,175.950000,70415
mnist-784-euclidean,IDOrder,181.050000,73395
mnist-784-euclidean,IDOrder,186.150000,72217
mnist-784-euclidean,IDOrder,191.250000,101434
mnist-784-euclidean,IDOrder,196.350000,86726
mnist-784-euclidean,IDOrder,201.450000,80054
mnist-784-euclidean,IDOrder,206.550000,94133
mnist-784-euclidean,IDOrder,211.650000,90661
mnist-784-euclidean,IDOrder,216.750000,85395
mnist-784-euclidean,IDOrder,221.850000,92708
mnist-784-euclidean,IDOrder,226.950000,103356
mnist-784-euclidean,IDOrder,232.050000,111656
mnist-784-euclidean,IDOrder,237.150000,103537
mnist-784-euclidean,IDOrder,242.250000,122359
mnist-784-euclidean,IDOrder,247.350000,125642
mnist-784-euclidean,IDOrder,252.450000,1775136
mnist-784-euclidean,GraphGuided,-252.450000,1741406
mnist-784-euclidean,GraphGuided,-247.350000,124352
mnist-784-euclidean,GraphGuided,-242.250000,120465
mnist-784-euclidean,GraphGuided,-237.150000,102588
mnist-784-euclidean,GraphGuided,-232.050000,109817
mnist-784-euclidean,GraphGuided,-226.950000,102222
mnist-784-euclidean,GraphGuided,-221.850000,91467
mnist-784-euclidean,GraphGuided,-216.750000,84155
mnist-784-euclidean,GraphGuided,-211.650000,89194
mnist-784-euclidean,GraphGuided,-206.550000,77997
mnist-784-euclidean,GraphGuided,-201.450000,94191
mnist-784-euclidean,GraphGuided,-196.350000,85260
mnist-784-euclidean,GraphGuided,-191.250000,98548
mnist-784-euclidean,GraphGuided,-186.150000,71726
mnist-784-euclidean,GraphGuided,-181.050000,71784
mnist-784-euclidean,GraphGuided,-175.950000,69313
mnist-784-euclidean,GraphGuided,-170.850000,87076
mnist-784-euclidean,GraphGuided,-165.750000,74311
mnist-784-euclidean,GraphGuided,-160.650000,73513
mnist-784-euclidean,GraphGuided,-155.550000,72941
mnist-784-euclidean,GraphGuided,-150.450000,89695
mnist-784-euclidean,GraphGuided,-145.350000,74194
mnist-784-euclidean,GraphGuided,-140.250000,83789
mnist-784-euclidean,GraphGuided,-135.150000,72092
mnist-784-euclidean,GraphGuided,-130.050000,107190
mnist-784-euclidean,GraphGuided,-124.950000,84109
mnist-784-euclidean,GraphGuided,-119.850000,76078
mnist-784-euclidean,GraphGuided,-114.750000,81724
mnist-784-euclidean,GraphGuided,-109.650000,79209
mnist-784-euclidean,GraphGuided,-104.550000,76375
mnist-784-euclidean,GraphGuided,-99.450000,94294
mnist-784-euclidean,GraphGuided,-94.350000,80176
mnist-784-euclidean,GraphGuided,-89.250000,74130
mnist-784-euclidean,GraphGuided,-84.150000,99799
mnist-784-euclidean,GraphGuided,-79.050000,79902
mnist-784-euclidean,GraphGuided,-73.950000,81739
mnist-784-euclidean,GraphGuided,-68.850000,82749
mnist-784-euclidean,GraphGuided,-63.750000,109088
mnist-784-euclidean,GraphGuided,-58.650000,95735
mnist-784-euclidean,GraphGuided,-53.550000,92055
mnist-784-euclidean,GraphGuided,-48.450000,121767
mnist-784-euclidean,GraphGuided,-43.350000,104624
mnist-784-euclidean,GraphGuided,-38.250000,108249
mnist-784-euclidean,GraphGuided,-33.150000,108813
mnist-784-euclidean,GraphGuided,-28.050000,124865
mnist-784-euclidean,GraphGuided,-22.950000,133138
mnist-784-euclidean,GraphGuided,-17.850000,139516
mnist-784-euclidean,GraphGuided,-12.750000,152207
mnist-784-euclidean,GraphGuided,-7.650000,168309
mnist-784-euclidean,GraphGuided,-2.550000,395184
mnist-784-euclidean,GraphGuided,2.550000,33583712
mnist-784-euclidean,GraphGuided,7.650000,167349
mnist-784-euclidean,GraphGuided,12.750000,150617
mnist-784-euclidean,GraphGuided,17.850000,139143
mnist-784-euclidean,GraphGuided,22.950000,131894
mnist-784-euclidean,GraphGuided,28.050000,124748
mnist-784-euclidean,GraphGuided,33.150000,108145
mnist-784-euclidean,GraphGuided,38.250000,108134
mnist-784-euclidean,GraphGuided,43.350000,103451
mnist-784-euclidean,GraphGuided,48.450000,99248
mnist-784-euclidean,GraphGuided,53.550000,113707
mnist-784-euclidean,GraphGuided,58.650000,95487
mnist-784-euclidean,GraphGuided,63.750000,109186
mnist-784-euclidean,GraphGuided,68.850000,82597
mnist-784-euclidean,GraphGuided,73.950000,80718
mnist-784-euclidean,GraphGuided,79.050000,78510
mnist-784-euclidean,GraphGuided,84.150000,100063
mnist-784-euclidean,GraphGuided,89.250000,73610
mnist-784-euclidean,GraphGuided,94.350000,79314
mnist-784-euclidean,GraphGuided,99.450000,75020
mnist-784-euclidean,GraphGuided,104.550000,94327
mnist-784-euclidean,GraphGuided,109.650000,79489
mnist-784-euclidean,GraphGuided,114.750000,82441
mnist-784-euclidean,GraphGuided,119.850000,75657
mnist-784-euclidean,GraphGuided,124.950000,82860
mnist-784-euclidean,GraphGuided,130.050000,108462
mnist-784-euclidean,GraphGuided,135.150000,71068
mnist-784-euclidean,GraphGuided,140.250000,82905
mnist-784-euclidean,GraphGuided,145.350000,74012
mnist-784-euclidean,GraphGuided,150.450000,75570
mnist-784-euclidean,GraphGuided,155.550000,86959
mnist-784-euclidean,GraphGuided,160.650000,72764
mnist-784-euclidean,GraphGuided,165.750000,73471
mnist-784-euclidean,GraphGuided,170.850000,85434
mnist-784-euclidean,GraphGuided,175.950000,69517
mnist-784-euclidean,GraphGuided,181.050000,71667
mnist-784-euclidean,GraphGuided,186.150000,71555
mnist-784-euclidean,GraphGuided,191.250000,99010
mnist-784-euclidean,GraphGuided,196.350000,85262
mnist-784-euclidean,GraphGuided,201.450000,79034
mnist-784-euclidean,GraphGuided,206.550000,92259
mnist-784-euclidean,GraphGuided,211.650000,88452
mnist-784-euclidean,GraphGuided,216.750000,83798
mnist-784-euclidean,GraphGuided,221.850000,91187
mnist-784-euclidean,GraphGuided,226.950000,101066
mnist-784-euclidean,GraphGuided,232.050000,110121
mnist-784-euclidean,GraphGuided,237.150000,101844
mnist-784-euclidean,GraphGuided,242.250000,120039
mnist-784-euclidean,GraphGuided,247.350000,122504
mnist-784-euclidean,GraphGuided,252.450000,1719093
sift-128-euclidean,IntraVector,-215.820000,3
sift-128-euclidean,IntraVector,-211.460000,6
sift-128-euclidean,IntraVector,-207.100000,18
sift-128-euclidean,IntraVector,-202.740000,10
sift-128-euclidean,IntraVector,-198.380000,24
sift-128-euclidean,IntraVector,-194.020000,31
sift-128-euclidean,IntraVector,-189.660000,48
sift-128-euclidean,IntraVector,-185.300000,85
sift-128-euclidean,IntraVector,-180.940000,112
sift-128-euclidean,IntraVector,-176.580000,191
sift-128-euclidean,IntraVector,-172.220000,308
sift-128-euclidean,IntraVector,-167.860000,786
sift-128-euclidean,IntraVector,-163.500000,1301
sift-128-euclidean,IntraVector,-159.140000,3867
sift-128-euclidean,IntraVector,-154.780000,6627
sift-128-euclidean,IntraVector,-150.420000,12778
sift-128-euclidean,IntraVector,-146.060000,33293
sift-128-euclidean,IntraVector,-141.700000,51483
sift-128-euclidean,IntraVector,-137.340000,84310
sift-128-euclidean,IntraVector,-132.980000,168308
sift-128-euclidean,IntraVector,-128.620000,205189
sift-128-euclidean,IntraVector,-124.260000,282580
sift-128-euclidean,IntraVector,-119.900000,473017
sift-128-euclidean,IntraVector,-115.540000,451653
sift-128-euclidean,IntraVector,-111.180000,485725
sift-128-euclidean,IntraVector,-106.820000,630881
sift-128-euclidean,IntraVector,-102.460000,521329
sift-128-euclidean,IntraVector,-98.100000,674836
sift-128-euclidean,IntraVector,-93.740000,561725
sift-128-euclidean,IntraVector,-89.380000,585859
sift-128-euclidean,IntraVector,-85.020000,770524
sift-128-euclidean,IntraVector,-80.660000,652675
sift-128-euclidean,IntraVector,-76.300000,689717
sift-128-euclidean,IntraVector,-71.940000,923740
sift-128-euclidean,IntraVector,-67.580000,793575
sift-128-euclidean,IntraVector,-63.220000,850991
sift-128-euclidean,IntraVector,-58.860000,1155658
sift-128-euclidean,IntraVector,-54.500000,1009651
sift-128-euclidean,IntraVector,-50.140000,1389689
sift-128-euclidean,IntraVector,-45.780000,1231504
sift-128-euclidean,IntraVector,-41.420000,1359996
sift-128-euclidean,IntraVector,-37.060000,1917783
sift-128-euclidean,IntraVector,-32.700000,1744837
sift-128-euclidean,IntraVector,-28.340000,1986033
sift-128-euclidean,IntraVector,-23.980000,2911240
sift-128-euclidean,IntraVector,-19.620000,2789438
sift-128-euclidean,IntraVector,-15.260000,3367459
sift-128-euclidean,IntraVector,-10.900000,5489760
sift-128-euclidean,IntraVector,-6.540000,6307955
sift-128-euclidean,IntraVector,-2.180000,11720754
sift-128-euclidean,IntraVector,2.180000,30763530
sift-128-euclidean,IntraVector,6.540000,6071593
sift-128-euclidean,IntraVector,10.900000,5322684
sift-128-euclidean,IntraVector,15.260000,3298432
sift-128-euclidean,IntraVector,19.620000,2744642
sift-128-euclidean,IntraVector,23.980000,2881552
sift-128-euclidean,IntraVector,28.340000,1970515
sift-128-euclidean,IntraVector,32.700000,1737798
sift-128-euclidean,IntraVector,37.060000,1911720
sift-128-euclidean,IntraVector,41.420000,1356798
sift-128-euclidean,IntraVector,45.780000,1231610
sift-128-euclidean,IntraVector,50.140000,1385918
sift-128-euclidean,IntraVector,54.500000,1006567
sift-128-euclidean,IntraVector,58.860000,1151440
sift-128-euclidean,IntraVector,63.220000,846724
sift-128-euclidean,IntraVector,67.580000,788838
sift-128-euclidean,IntraVector,71.940000,917090
sift-128-euclidean,IntraVector,76.300000,684826
sift-128-euclidean,IntraVector,80.660000,645609
sift-128-euclidean,IntraVector,85.020000,765167
sift-128-euclidean,IntraVector,89.380000,578507
sift-128-euclidean,IntraVector,93.740000,555876
sift-128-euclidean,IntraVector,98.100000,663910
sift-128-euclidean,IntraVector,102.460000,511599
sift-128-euclidean,IntraVector,106.820000,497828
sift-128-euclidean,IntraVector,111.180000,603804
sift-128-euclidean,IntraVector,115.540000,455153
sift-128-euclidean,IntraVector,119.900000,490691
sift-128-euclidean,IntraVector,124.260000,297518
sift-128-euclidean,IntraVector,128.620000,211544
sift-128-euclidean,IntraVector,132.980000,167185
sift-128-euclidean,IntraVector,137.340000,79418
sift-128-euclidean,IntraVector,141.700000,47202
sift-128-euclidean,IntraVector,146.060000,31165
sift-128-euclidean,IntraVector,150.420000,12265
sift-128-euclidean,IntraVector,154.780000,6714
sift-128-euclidean,IntraVector,159.140000,4128
sift-128-euclidean,IntraVector,163.500000,1390
sift-128-euclidean,IntraVector,167.860000,811
sift-128-euclidean,IntraVector,172.220000,327
sift-128-euclidean,IntraVector,176.580000,183
sift-128-euclidean,IntraVector,180.940000,141
sift-128-euclidean,IntraVector,185.300000,75
sift-128-euclidean,IntraVector,189.660000,56
sift-128-euclidean,IntraVector,194.020000,41
sift-128-euclidean,IntraVector,198.380000,22
sift-128-euclidean,IntraVector,202.740000,18
sift-128-euclidean,IntraVector,207.100000,9
sift-128-euclidean,IntraVector,211.460000,4
sift-128-euclidean,IntraVector,215.820000,1
sift-128-euclidean,IDOrder,-215.820000,1
sift-128-euclidean,IDOrder,-211.460000,1
sift-128-euclidean,IDOrder,-207.100000,4
sift-128-euclidean,IDOrder,-202.740000,10
sift-128-euclidean,IDOrder,-198.380000,17
sift-128-euclidean,IDOrder,-194.020000,22
sift-128-euclidean,IDOrder,-189.660000,43
sift-128-euclidean,IDOrder,-185.300000,53
sift-128-euclidean,IDOrder,-180.940000,103
sift-128-euclidean,IDOrder,-176.580000,146
sift-128-euclidean,IDOrder,-172.220000,340
sift-128-euclidean,IDOrder,-167.860000,931
sift-128-euclidean,IDOrder,-163.500000,1796
sift-128-euclidean,IDOrder,-159.140000,5313
sift-128-euclidean,IDOrder,-154.780000,9340
sift-128-euclidean,IDOrder,-150.420000,18087
sift-128-euclidean,IDOrder,-146.060000,46176
sift-128-euclidean,IDOrder,-141.700000,69678
sift-128-euclidean,IDOrder,-137.340000,118154
sift-128-euclidean,IDOrder,-132.980000,250330
sift-128-euclidean,IDOrder,-128.620000,316856
sift-128-euclidean,IDOrder,-124.260000,441197
sift-128-euclidean,IDOrder,-119.900000,700169
sift-128-euclidean,IDOrder,-115.540000,595364
sift-128-euclidean,IDOrder,-111.180000,558585
sift-128-euclidean,IDOrder,-106.820000,639211
sift-128-euclidean,IDOrder,-102.460000,502832
sift-128-euclidean,IDOrder,-98.100000,648219
sift-128-euclidean,IDOrder,-93.740000,546815
sift-128-euclidean,IDOrder,-89.380000,578682
sift-128-euclidean,IDOrder,-85.020000,776168
sift-128-euclidean,IDOrder,-80.660000,669939
sift-128-euclidean,IDOrder,-76.300000,720504
sift-128-euclidean,IDOrder,-71.940000,980580
sift-128-euclidean,IDOrder,-67.580000,856739
sift-128-euclidean,IDOrder,-63.220000,932624
sift-128-euclidean,IDOrder,-58.860000,1284661
sift-128-euclidean,IDOrder,-54.500000,1136963
sift-128-euclidean,IDOrder,-50.140000,1579949
sift-128-euclidean,IDOrder,-45.780000,1411697
sift-128-euclidean,IDOrder,-41.420000,1567035
sift-128-euclidean,IDOrder,-37.060000,2214810
sift-128-euclidean,IDOrder,-32.700000,2022549
sift-128-euclidean,IDOrder,-28.340000,2294234
sift-128-euclidean,IDOrder,-23.980000,3352971
sift-128-euclidean,IDOrder,-19.620000,3187420
sift-128-euclidean,IDOrder,-15.260000,3800151
sift-128-euclidean,IDOrder,-10.900000,6054975
sift-128-euclidean,IDOrder,-6.540000,6667592
sift-128-euclidean,IDOrder,-2.180000,10950263
sift-128-euclidean,IDOrder,2.180000,21960438
sift-128-euclidean,IDOrder,6.540000,6650990
sift-128-euclidean,IDOrder,10.900000,6050789
sift-128-euclidean,IDOrder,15.260000,3800002
sift-128-euclidean,IDOrder,19.620000,3182780
sift-128-euclidean,IDOrder,23.980000,3349332
sift-128-euclidean,IDOrder,28.340000,2292566
sift-128-euclidean,IDOrder,32.700000,2021497
sift-128-euclidean,IDOrder,37.060000,2214074
sift-128-euclidean,IDOrder,41.420000,1565147
sift-128-euclidean,IDOrder,45.780000,1412054
sift-128-euclidean,IDOrder,50.140000,1577831
sift-128-euclidean,IDOrder,54.500000,1136870
sift-128-euclidean,IDOrder,58.860000,1285864
sift-128-euclidean,IDOrder,63.220000,933153
sift-128-euclidean,IDOrder,67.580000,857831
sift-128-euclidean,IDOrder,71.940000,981072
sift-128-euclidean,IDOrder,76.300000,719568
sift-128-euclidean,IDOrder,80.660000,669839
sift-128-euclidean,IDOrder,85.020000,775878
sift-128-euclidean,IDOrder,89.380000,578126
sift-128-euclidean,IDOrder,93.740000,545452
sift-128-euclidean,IDOrder,98.100000,647947
sift-128-euclidean,IDOrder,102.460000,501800
sift-128-euclidean,IDOrder,106.820000,508530
sift-128-euclidean,IDOrder,111.180000,692532
sift-128-euclidean,IDOrder,115.540000,595835
sift-128-euclidean,IDOrder,119.900000,700017
sift-128-euclidean,IDOrder,124.260000,440521
sift-128-euclidean,IDOrder,128.620000,317487
sift-128-euclidean,IDOrder,132.980000,250992
sift-128-euclidean,IDOrder,137.340000,119215
sift-128-euclidean,IDOrder,141.700000,71147
sift-128-euclidean,IDOrder,146.060000,46224
sift-128-euclidean,IDOrder,150.420000,18079
sift-128-euclidean,IDOrder,154.780000,9400
sift-128-euclidean,IDOrder,159.140000,5261
sift-128-euclidean,IDOrder,163.500000,1725
sift-128-euclidean,IDOrder,167.860000,925
sift-128-euclidean,IDOrder,172.220000,329
sift-128-euclidean,IDOrder,176.580000,198
sift-128-euclidean,IDOrder,180.940000,105
sift-128-euclidean,IDOrder,185.300000,54
sift-128-euclidean,IDOrder,189.660000,39
sift-128-euclidean,IDOrder,194.020000,17
sift-128-euclidean,IDOrder,198.380000,12
sift-128-euclidean,IDOrder,202.740000,10
sift-128-euclidean,IDOrder,207.100000,12
sift-128-euclidean,IDOrder,211.460000,4
sift-128-euclidean,IDOrder,215.820000,3
sift-128-euclidean,GraphGuided,-215.820000,4
sift-128-euclidean,GraphGuided,-211.460000,1
sift-128-euclidean,GraphGuided,-207.100000,8
sift-128-euclidean,GraphGuided,-202.740000,9
sift-128-euclidean,GraphGuided,-198.380000,13
sift-128-euclidean,GraphGuided,-194.020000,23
sift-128-euclidean,GraphGuided,-189.660000,51
sift-128-euclidean,GraphGuided,-185.300000,56
sift-128-euclidean,GraphGuided,-180.940000,125
sift-128-euclidean,GraphGuided,-176.580000,164
sift-128-euclidean,GraphGuided,-172.220000,311
sift-128-euclidean,GraphGuided,-167.860000,763
sift-128-euclidean,GraphGuided,-163.500000,1308
sift-128-euclidean,GraphGuided,-159.140000,4023
sift-128-euclidean,GraphGuided,-154.780000,7191
sift-128-euclidean,GraphGuided,-150.420000,13898
sift-128-euclidean,GraphGuided,-146.060000,36800
sift-128-euclidean,GraphGuided,-141.700000,59916
sift-128-euclidean,GraphGuided,-137.340000,110358
sift-128-euclidean,GraphGuided,-132.980000,258717
sift-128-euclidean,GraphGuided,-128.620000,362610
sift-128-euclidean,GraphGuided,-124.260000,549097
sift-128-euclidean,GraphGuided,-119.900000,919587
sift-128-euclidean,GraphGuided,-115.540000,790065
sift-128-euclidean,GraphGuided,-111.180000,708136
sift-128-euclidean,GraphGuided,-106.820000,761160
sift-128-euclidean,GraphGuided,-102.460000,572608
sift-128-euclidean,GraphGuided,-98.100000,724923
sift-128-euclidean,GraphGuided,-93.740000,603677
sift-128-euclidean,GraphGuided,-89.380000,630910
sift-128-euclidean,GraphGuided,-85.020000,842401
sift-128-euclidean,GraphGuided,-80.660000,722732
sift-128-euclidean,GraphGuided,-76.300000,772440
sift-128-euclidean,GraphGuided,-71.940000,1046859
sift-128-euclidean,GraphGuided,-67.580000,912889
sift-128-euclidean,GraphGuided,-63.220000,987232
sift-128-euclidean,GraphGuided,-58.860000,1353334
sift-128-euclidean,GraphGuided,-54.500000,1191205
sift-128-euclidean,GraphGuided,-50.140000,1648744
sift-128-euclidean,GraphGuided,-45.780000,1464252
sift-128-euclidean,GraphGuided,-41.420000,1618081
sift-128-euclidean,GraphGuided,-37.060000,2274770
sift-128-euclidean,GraphGuided,-32.700000,2059567
sift-128-euclidean,GraphGuided,-28.340000,2325540
sift-128-euclidean,GraphGuided,-23.980000,3376467
sift-128-euclidean,GraphGuided,-19.620000,3181913
sift-128-euclidean,GraphGuided,-15.260000,3765690
sift-128-euclidean,GraphGuided,-10.900000,5905326
sift-128-euclidean,GraphGuided,-6.540000,6330827
sift-128-euclidean,GraphGuided,-2.180000,9967481
sift-128-euclidean,GraphGuided,2.180000,19303912
sift-128-euclidean,GraphGuided,6.540000,6303479
sift-128-euclidean,GraphGuided,10.900000,5877337
sift-128-euclidean,GraphGuided,15.260000,3738482
sift-128-euclidean,GraphGuided,19.620000,3157733
sift-128-euclidean,GraphGuided,23.980000,3347347
sift-128-euclidean,GraphGuided,28.340000,2303599
sift-128-euclidean,GraphGuided,32.700000,2039016
sift-128-euclidean,GraphGuided,37.060000,2243507
sift-128-euclidean,GraphGuided,41.420000,1597839
sift-128-euclidean,GraphGuided,45.780000,1449625
sift-128-euclidean,GraphGuided,50.140000,1627231
sift-128-euclidean,GraphGuided,54.500000,1176097
sift-128-euclidean,GraphGuided,58.860000,1335552
sift-128-euclidean,GraphGuided,63.220000,976460
sift-128-euclidean,GraphGuided,67.580000,902363
sift-128-euclidean,GraphGuided,71.940000,1038086
sift-128-euclidean,GraphGuided,76.300000,765972
sift-128-euclidean,GraphGuided,80.660000,717465
sift-128-euclidean,GraphGuided,85.020000,835408
sift-128-euclidean,GraphGuided,89.380000,628319
sift-128-euclidean,GraphGuided,93.740000,598992
sift-128-euclidean,GraphGuided,98.100000,722068
sift-128-euclidean,GraphGuided,102.460000,570690
sift-128-euclidean,GraphGuided,106.820000,595431
sift-128-euclidean,GraphGuided,111.180000,858871
sift-128-euclidean,GraphGuided,115.540000,780165
sift-128-euclidean,GraphGuided,119.900000,915181
sift-128-euclidean,GraphGuided,124.260000,553380
sift-128-euclidean,GraphGuided,128.620000,371258
sift-128-euclidean,GraphGuided,132.980000,271096
sift-128-euclidean,GraphGuided,137.340000,117401
sift-128-euclidean,GraphGuided,141.700000,65527
sift-128-euclidean,GraphGuided,146.060000,40157
sift-128-euclidean,GraphGuided,150.420000,15336
sift-128-euclidean,GraphGuided,154.780000,7645
sift-128-euclidean,GraphGuided,159.140000,4589
sift-128-euclidean,GraphGuided,163.500000,1476
sift-128-euclidean,GraphGuided,167.860000,782
sift-128-euclidean,GraphGuided,172.220000,352
sift-128-euclidean,GraphGuided,176.580000,193
sift-128-euclidean,GraphGuided,180.940000,118
sift-128-euclidean,GraphGuided,185.300000,90
sift-128-euclidean,GraphGuided,189.660000,40
sift-128-euclidean,GraphGuided,194.020000,39
sift-128-euclidean,GraphGuided,198.380000,11
sift-128-euclidean,GraphGuided,202.740000,9
sift-128-euclidean,GraphGuided,207.100000,8
sift-128-euclidean,GraphGuided,211.460000,4
sift-128-euclidean,GraphGuided,215.820000,0
