Dataset,UseTLS,TLSRatio,K,ef,Recall,Latency(ms/query),DecodingCalls,DistanceComputations,AvgDecodingPerQuery
fashion-mnist-784-euclidean,0,0.00,1,10,0.961500,0.4388,1788202,724727,178.8202
fashion-mnist-784-euclidean,1,0.10,1,10,0.951300,0.1847,279362,150513,27.9362
fashion-mnist-784-euclidean,1,0.20,1,10,0.959600,0.2024,360512,159241,36.0512
fashion-mnist-784-euclidean,1,0.30,1,10,0.960800,0.2404,504540,197491,50.4540
fashion-mnist-784-euclidean,0,0.00,1,20,0.984700,0.6284,2682216,724727,268.2216
fashion-mnist-784-euclidean,1,0.10,1,20,0.977500,0.2356,465033,150513,46.5033
fashion-mnist-784-euclidean,1,0.20,1,20,0.984000,0.2649,569278,159241,56.9278
fashion-mnist-784-euclidean,1,0.30,1,20,0.984000,0.3162,770175,197491,77.0175
fashion-mnist-784-euclidean,0,0.00,1,30,0.991800,0.8325,3479356,724727,347.9356
fashion-mnist-784-euclidean,1,0.10,1,30,0.984900,0.2965,655758,150513,65.5758
fashion-mnist-784-euclidean,1,0.20,1,30,0.990200,0.3303,775333,159241,77.5333
fashion-mnist-784-euclidean,1,0.30,1,30,0.991600,0.3904,1020191,197491,102.0191
fashion-mnist-784-euclidean,0,0.00,1,40,0.995000,0.9973,4205588,724727,420.5588
fashion-mnist-784-euclidean,1,0.10,1,40,0.987500,0.3567,845543,150513,84.5543
fashion-mnist-784-euclidean,1,0.20,1,40,0.993000,0.3856,978760,159241,97.8760
fashion-mnist-784-euclidean,1,0.30,1,40,0.994900,0.4556,1259682,197491,125.9682
fashion-mnist-784-euclidean,0,0.00,1,50,0.996100,1.1360,4882328,724727,488.2328
fashion-mnist-784-euclidean,1,0.10,1,50,0.988500,0.4103,1035228,150513,103.5228
fashion-mnist-784-euclidean,1,0.20,1,50,0.994000,0.4453,1179310,159241,117.9310
fashion-mnist-784-euclidean,1,0.30,1,50,0.995900,0.5264,1491543,197491,149.1543
fashion-mnist-784-euclidean,0,0.00,1,60,0.996900,1.2794,5511571,724727,551.1571
fashion-mnist-784-euclidean,1,0.10,1,60,0.989300,0.4656,1223467,150513,122.3467
fashion-mnist-784-euclidean,1,0.20,1,60,0.994800,0.5059,1377288,159241,137.7288
fashion-mnist-784-euclidean,1,0.30,1,60,0.996600,0.5847,1717482,197491,171.7482
fashion-mnist-784-euclidean,0,0.00,1,80,0.997700,1.5410,6679456,724727,667.9456
fashion-mnist-784-euclidean,1,0.10,1,80,0.990600,0.5861,1596954,150513,159.6954
fashion-mnist-784-euclidean,1,0.20,1,80,0.995800,0.6301,1766689,159241,176.6689
fashion-mnist-784-euclidean,1,0.30,1,80,0.997700,0.7187,2155046,197491,215.5046
fashion-mnist-784-euclidean,0,0.00,1,100,0.998500,1.7862,7747096,724727,774.7096
fashion-mnist-784-euclidean,1,0.10,1,100,0.991300,0.6928,1965028,150513,196.5028
fashion-mnist-784-euclidean,1,0.20,1,100,0.996600,0.7389,2149251,159241,214.9251
fashion-mnist-784-euclidean,1,0.30,1,100,0.997900,0.8403,2578492,197491,257.8492
fashion-mnist-784-euclidean,0,0.00,1,120,0.998500,2.0289,8744335,724727,874.4335
fashion-mnist-784-euclidean,1,0.10,1,120,0.991700,0.8065,2329601,150513,232.9601
fashion-mnist-784-euclidean,1,0.20,1,120,0.996700,0.8553,2524258,159241,252.4258
fashion-mnist-784-euclidean,1,0.30,1,120,0.998400,0.9635,2990559,197491,299.0559
fashion-mnist-784-euclidean,0,0.00,1,150,0.998600,2.3380,10127556,724727,1012.7556
fashion-mnist-784-euclidean,1,0.10,1,150,0.992200,0.9580,2868311,150513,286.8311
fashion-mnist-784-euclidean,1,0.20,1,150,0.996900,1.0127,3077837,159241,307.7837
fashion-mnist-784-euclidean,1,0.30,1,150,0.998600,1.1391,3591251,197491,359.1251
fashion-mnist-784-euclidean,0,0.00,1,200,0.999000,2.8792,12236839,724727,1223.6839
fashion-mnist-784-euclidean,1,0.10,1,200,0.992200,1.2239,3748837,150513,374.8837
fashion-mnist-784-euclidean,1,0.20,1,200,0.997100,1.2736,3976370,159241,397.6370
fashion-mnist-784-euclidean,1,0.30,1,200,0.998900,1.4185,4559204,197491,455.9204
fashion-mnist-784-euclidean,0,0.00,1,300,0.999300,3.7918,15937674,724727,1593.7674
fashion-mnist-784-euclidean,1,0.10,1,300,0.992900,1.7414,5453578,150513,545.3578
fashion-mnist-784-euclidean,1,0.20,1,300,0.997700,1.7967,5709990,159241,570.9990
fashion-mnist-784-euclidean,1,0.30,1,300,0.999000,1.9559,6400278,197491,640.0278
gist-960-euclidean,0,0.00,1,10,0.445000,1.6484,355972,106769,355.9720
gist-960-euclidean,1,0.10,1,10,0.425000,0.3832,36380,18282,36.3800
gist-960-euclidean,1,0.20,1,10,0.446000,0.5350,67306,21475,67.3060
gist-960-euclidean,1,0.30,1,10,0.449000,0.6956,100831,27926,100.8310
gist-960-euclidean,0,0.00,1,20,0.582000,2.6300,576295,106769,576.2950
gist-960-euclidean,1,0.10,1,20,0.570000,0.5598,59609,18282,59.6090
gist-960-euclidean,1,0.20,1,20,0.586000,0.7953,108858,21475,108.8580
gist-960-euclidean,1,0.30,1,20,0.586000,1.0554,163634,27926,163.6340
gist-960-euclidean,0,0.00,1,30,0.669000,3.5493,773591,106769,773.5910
gist-960-euclidean,1,0.10,1,30,0.655000,0.7157,80135,18282,80.1350
gist-960-euclidean,1,0.20,1,30,0.673000,1.0217,145316,21475,145.3160
gist-960-euclidean,1,0.30,1,30,0.673000,1.3637,219114,27926,219.1140
gist-960-euclidean,0,0.00,1,40,0.723000,4.3840,958561,106769,958.5610
gist-960-euclidean,1,0.10,1,40,0.708000,0.8681,100551,18282,100.5510
gist-960-euclidean,1,0.20,1,40,0.723000,1.2365,180158,21475,180.1580
gist-960-euclidean,1,0.30,1,40,0.726000,1.6549,271282,27926,271.2820
gist-960-euclidean,0,0.00,1,50,0.763000,5.2534,1142785,106769,1142.7850
gist-960-euclidean,1,0.10,1,50,0.746000,1.0108,120281,18282,120.2810
gist-960-euclidean,1,0.20,1,50,0.767000,1.4666,214345,21475,214.3450
gist-960-euclidean,1,0.30,1,50,0.760000,1.9526,322830,27926,322.8300
gist-960-euclidean,0,0.00,1,60,0.791000,5.9405,1315099,106769,1315.0990
gist-960-euclidean,1,0.10,1,60,0.778000,1.1424,140258,18282,140.2580
gist-960-euclidean,1,0.20,1,60,0.790000,1.6657,248741,21475,248.7410
gist-960-euclidean,1,0.30,1,60,0.793000,2.2347,371708,27926,371.7080
gist-960-euclidean,0,0.00,1,80,0.834000,7.5020,1659876,106769,1659.8760
gist-960-euclidean,1,0.10,1,80,0.820000,1.4590,179362,18282,179.3620
gist-960-euclidean,1,0.20,1,80,0.836000,2.0949,314344,21475,314.3440
gist-960-euclidean,1,0.30,1,80,0.835000,2.8320,469763,27926,469.7630
gist-960-euclidean,0,0.00,1,100,0.869000,9.1220,1995741,106769,1995.7410
gist-960-euclidean,1,0.10,1,100,0.846000,1.7248,218792,18282,218.7920
gist-960-euclidean,1,0.20,1,100,0.863000,2.5000,378010,21475,378.0100
gist-960-euclidean,1,0.30,1,100,0.866000,3.3703,563791,27926,563.7910
gist-960-euclidean,0,0.00,1,120,0.895000,10.6073,2324208,106769,2324.2080
gist-960-euclidean,1,0.10,1,120,0.865000,2.0339,258471,18282,258.4710
gist-960-euclidean,1,0.20,1,120,0.879000,2.8922,441285,21475,441.2850
gist-960-euclidean,1,0.30,1,120,0.891000,3.8939,656449,27926,656.4490
gist-960-euclidean,0,0.00,1,150,0.908000,12.8506,2804325,106769,2804.3250
gist-960-euclidean,1,0.10,1,150,0.891000,2.4579,317035,18282,317.0350
gist-960-euclidean,1,0.20,1,150,0.897000,3.4854,535228,21475,535.2280
gist-960-euclidean,1,0.30,1,150,0.908000,4.6742,792534,27926,792.5340
gist-960-euclidean,0,0.00,1,200,0.922000,16.2885,3580354,106769,3580.3540
gist-960-euclidean,1,0.10,1,200,0.915000,3.1464,415478,18282,415.4780
gist-960-euclidean,1,0.20,1,200,0.920000,4.4688,687252,21475,687.2520
gist-960-euclidean,1,0.30,1,200,0.926000,6.0280,1013203,27926,1013.2030
gist-960-euclidean,0,0.00,1,300,0.945000,22.9060,5045650,106769,5045.6500
gist-960-euclidean,1,0.10,1,300,0.937000,4.5411,611083,18282,611.0830
gist-960-euclidean,1,0.20,1,300,0.947000,6.3084,978417,21475,978.4170
gist-960-euclidean,1,0.30,1,300,0.952000,8.4336,1430735,27926,1430.7350
mnist-784-euclidean,0,0.00,1,10,0.969400,0.4629,1956605,782603,195.6605
mnist-784-euclidean,1,0.10,1,10,0.963400,0.1836,283238,148856,28.3238
mnist-784-euclidean,1,0.20,1,10,0.967700,0.2042,378556,160628,37.8556
mnist-784-euclidean,1,0.30,1,10,0.969400,0.2536,543794,209738,54.3794
mnist-784-euclidean,0,0.00,1,20,0.991300,0.7045,2971550,782603,297.1550
mnist-784-euclidean,1,0.10,1,20,0.988000,0.2439,471115,148856,47.1115
mnist-784-euclidean,1,0.20,1,20,0.989900,0.2707,596142,160628,59.6142
mnist-784-euclidean,1,0.30,1,20,0.991200,0.3355,832906,209738,83.2906
mnist-784-euclidean,0,0.00,1,30,0.996200,0.9140,3895200,782603,389.5200
mnist-784-euclidean,1,0.10,1,30,0.993000,0.3006,663393,148856,66.3393
mnist-784-euclidean,1,0.20,1,30,0.995000,0.3345,810190,160628,81.0190
mnist-784-euclidean,1,0.30,1,30,0.996000,0.4099,1104644,209738,110.4644
mnist-784-euclidean,0,0.00,1,40,0.997600,1.1146,4744013,782603,474.4013
mnist-784-euclidean,1,0.10,1,40,0.995000,0.3642,857412,148856,85.7412
mnist-784-euclidean,1,0.20,1,40,0.997000,0.4060,1021461,160628,102.1461
mnist-784-euclidean,1,0.30,1,40,0.997600,0.4853,1363615,209738,136.3615
mnist-784-euclidean,0,0.00,1,50,0.998500,1.3005,5539800,782603,553.9800
mnist-784-euclidean,1,0.10,1,50,0.995900,0.4235,1051111,148856,105.1111
mnist-784-euclidean,1,0.20,1,50,0.997900,0.4669,1229994,160628,122.9994
mnist-784-euclidean,1,0.30,1,50,0.998700,0.5579,1615075,209738,161.5075
mnist-784-euclidean,0,0.00,1,60,0.999000,1.4600,6294069,782603,629.4069
mnist-784-euclidean,1,0.10,1,60,0.996200,0.4806,1244384,148856,124.4384
mnist-784-euclidean,1,0.20,1,60,0.998000,0.5379,1436990,160628,143.6990
mnist-784-euclidean,1,0.30,1,60,0.999100,0.6416,1859578,209738,185.9578
mnist-784-euclidean,0,0.00,1,80,0.999100,1.8073,7702284,782603,770.2284
mnist-784-euclidean,1,0.10,1,80,0.997100,0.6010,1630345,148856,163.0345
mnist-784-euclidean,1,0.20,1,80,0.999000,0.6644,1846496,160628,184.6496
mnist-784-euclidean,1,0.30,1,80,0.999500,0.7755,2335471,209738,233.5471
mnist-784-euclidean,0,0.00,1,100,0.999600,2.0877,9011533,782603,901.1533
mnist-784-euclidean,1,0.10,1,100,0.997200,0.7221,2014952,148856,201.4952
mnist-784-euclidean,1,0.20,1,100,0.999000,0.8036,2250363,160628,225.0363
mnist-784-euclidean,1,0.30,1,100,0.999800,0.9136,2798879,209738,279.8879
mnist-784-euclidean,0,0.00,1,120,0.999800,2.3634,10242980,782603,1024.2980
mnist-784-euclidean,1,0.10,1,120,0.997300,0.8358,2396716,148856,239.6716
mnist-784-euclidean,1,0.20,1,120,0.999100,0.9005,2650274,160628,265.0274
mnist-784-euclidean,1,0.30,1,120,0.999800,1.0453,3253383,209738,325.3383
mnist-784-euclidean,0,0.00,1,150,0.999900,2.7834,11989937,782603,1198.9937
mnist-784-euclidean,1,0.10,1,150,0.997400,1.0076,2966080,148856,296.6080
mnist-784-euclidean,1,0.20,1,150,0.999100,1.0797,3244546,160628,324.4546
mnist-784-euclidean,1,0.30,1,150,0.999800,1.2354,3920930,209738,392.0930
mnist-784-euclidean,0,0.00,1,200,0.999900,3.4543,14685281,782603,1468.5281
mnist-784-euclidean,1,0.10,1,200,0.997400,1.2909,3908531,148856,390.8531
mnist-784-euclidean,1,0.20,1,200,0.999300,1.3755,4221743,160628,422.1743
mnist-784-euclidean,1,0.30,1,200,1.000000,1.5539,5007373,209738,500.7373
mnist-784-euclidean,0,0.00,1,300,1.000000,4.5247,19554635,782603,1955.4635
mnist-784-euclidean,1,0.10,1,300,0.997600,1.8458,5766404,148856,576.6404
mnist-784-euclidean,1,0.20,1,300,0.999300,1.9486,6138256,160628,613.8256
mnist-784-euclidean,1,0.30,1,300,1.000000,2.1734,7112718,209738,711.2718
sift-128-euclidean,0,0.00,1,10,0.783000,0.2456,2980734,1117269,298.0734
sift-128-euclidean,1,0.10,1,10,0.743100,0.0678,319054,184728,31.9054
sift-128-euclidean,1,0.20,1,10,0.773200,0.0924,552724,215065,55.2724
sift-128-euclidean,1,0.30,1,10,0.779100,0.1209,829253,289072,82.9253
sift-128-euclidean,0,0.00,1,20,0.883400,0.3827,4682820,1117269,468.2820
sift-128-euclidean,1,0.10,1,20,0.849400,0.0979,515876,184728,51.5876
sift-128-euclidean,1,0.20,1,20,0.875500,0.1326,868433,215065,86.8433
sift-128-euclidean,1,0.30,1,20,0.881700,0.1767,1303297,289072,130.3297
sift-128-euclidean,0,0.00,1,30,0.927200,0.5109,6269680,1117269,626.9680
sift-128-euclidean,1,0.10,1,30,0.895800,0.1274,708552,184728,70.8552
sift-128-euclidean,1,0.20,1,30,0.917700,0.1755,1165891,215065,116.5891
sift-128-euclidean,1,0.30,1,30,0.925500,0.2316,1745952,289072,174.5952
sift-128-euclidean,0,0.00,1,40,0.949200,0.6389,7817075,1117269,781.7075
sift-128-euclidean,1,0.10,1,40,0.916600,0.1571,900925,184728,90.0925
sift-128-euclidean,1,0.20,1,40,0.940300,0.2118,1458640,215065,145.8640
sift-128-euclidean,1,0.30,1,40,0.947800,0.2811,2176292,289072,217.6292
sift-128-euclidean,0,0.00,1,50,0.964400,0.7517,9326845,1117269,932.6845
sift-128-euclidean,1,0.10,1,50,0.932300,0.1836,1094560,184728,109.4560
sift-128-euclidean,1,0.20,1,50,0.953900,0.2491,1746761,215065,174.6761
sift-128-euclidean,1,0.30,1,50,0.962300,0.3316,2598753,289072,259.8753
sift-128-euclidean,0,0.00,1,60,0.971300,0.8776,10809158,1117269,1080.9158
sift-128-euclidean,1,0.10,1,60,0.941600,0.2128,1288440,184728,128.8440
sift-128-euclidean,1,0.20,1,60,0.961600,0.2860,2031568,215065,203.1568
sift-128-euclidean,1,0.30,1,60,0.969000,0.3843,3015906,289072,301.5906
sift-128-euclidean,0,0.00,1,80,0.981000,1.1150,13703488,1117269,1370.3488
sift-128-euclidean,1,0.10,1,80,0.953100,0.2718,1678834,184728,167.8834
sift-128-euclidean,1,0.20,1,80,0.972500,0.3667,2593421,215065,259.3421
sift-128-euclidean,1,0.30,1,80,0.979200,0.4785,3827663,289072,382.7663
sift-128-euclidean,0,0.00,1,100,0.984900,1.3396,16500504,1117269,1650.0504
sift-128-euclidean,1,0.10,1,100,0.957500,0.3335,2071413,184728,207.1413
sift-128-euclidean,1,0.20,1,100,0.976600,0.4364,3144915,215065,314.4915
sift-128-euclidean,1,0.30,1,100,0.983900,0.5785,4618964,289072,461.8964
sift-128-euclidean,0,0.00,1,120,0.987000,1.5533,19213125,1117269,1921.3125
sift-128-euclidean,1,0.10,1,120,0.961500,0.3892,2463378,184728,246.3378
sift-128-euclidean,1,0.20,1,120,0.980300,0.5101,3686869,215065,368.6869
sift-128-euclidean,1,0.30,1,120,0.985700,0.6665,5388299,289072,538.8299
sift-128-euclidean,0,0.00,1,150,0.988700,1.8835,23153589,1117269,2315.3589
sift-128-euclidean,1,0.10,1,150,0.964700,0.4706,3053009,184728,305.3009
sift-128-euclidean,1,0.20,1,150,0.983400,0.6112,4484331,215065,448.4331
sift-128-euclidean,1,0.30,1,150,0.988400,0.8084,6516113,289072,651.6113
sift-128-euclidean,0,0.00,1,200,0.990800,2.3905,29429003,1117269,2942.9003
sift-128-euclidean,1,0.10,1,200,0.968600,0.6235,4035692,184728,403.5692
sift-128-euclidean,1,0.20,1,200,0.984200,0.7956,5780529,215065,578.0529
sift-128-euclidean,1,0.30,1,200,0.989400,1.0364,8325780,289072,832.5780
sift-128-euclidean,0,0.00,1,300,0.991000,3.3370,41164600,1117269,4116.4600
sift-128-euclidean,1,0.10,1,300,0.970100,0.9154,5999841,184728,599.9841
sift-128-euclidean,1,0.20,1,300,0.985800,1.1466,8285792,215065,828.5792
sift-128-euclidean,1,0.30,1,300,0.990200,1.4687,11763766,289072,1176.3766
