Dataset,IndexType,ActualVariant,IndexFile,Component,Bytes,GiB,FileSizeBytes,N,Dim,Note
deep-image-96-angular,HNSW,hnswlib-float,deep-image-96-angular_train.fvecs_hnsw_float.bin,Vector Payloads,3836160000,3.572702,5320006736,9990000,96,""
deep-image-96-angular,HNSW,hnswlib-float,deep-image-96-angular_train.fvecs_hnsw_float.bin,Graph Structure,1403926640,1.307509,5320006736,9990000,96,"level-0 links, upper-level links, and serialized upper-link size fields"
deep-image-96-angular,HNSW,hnswlib-float,deep-image-96-angular_train.fvecs_hnsw_float.bin,Original Metadata,79920000,0.074431,5320006736,9990000,96,"labels"
deep-image-96-angular,HNSW,hnswlib-float,deep-image-96-angular_train.fvecs_hnsw_float.bin,Original Metadata,96,0.000000,5320006736,9990000,96,"serialized headers and small fields"
deep-image-96-angular,HNSW+PQ,deep-image-96-angular_train.fvecs_HNSWPQ_1,deep-image-96-angular_train.fvecs_HNSWPQ_1.bin,Quantized Vector Codes,959040000,0.893176,2400413987,9990000,96,""
deep-image-96-angular,HNSW+PQ,deep-image-96-angular_train.fvecs_HNSWPQ_1,deep-image-96-angular_train.fvecs_HNSWPQ_1.bin,Graph Structure,1321395392,1.230645,2400413987,9990000,96,"Faiss HNSW neighbors array"
deep-image-96-angular,HNSW+PQ,deep-image-96-angular_train.fvecs_HNSWPQ_1,deep-image-96-angular_train.fvecs_HNSWPQ_1.bin,Original Metadata,119880124,0.111647,2400413987,9990000,96,"Faiss HNSW levels, offsets, probabilities, and scalar fields"
deep-image-96-angular,HNSW+PQ,deep-image-96-angular_train.fvecs_HNSWPQ_1,deep-image-96-angular_train.fvecs_HNSWPQ_1.bin,Quantizer Codebook,98304,0.000092,2400413987,9990000,96,"PQ centroids or SQ trained ranges"
deep-image-96-angular,HNSW+PQ,deep-image-96-angular_train.fvecs_HNSWPQ_1,deep-image-96-angular_train.fvecs_HNSWPQ_1.bin,Original Metadata,167,0.000000,2400413987,9990000,96,"serialized headers and small fields"
deep-image-96-angular,HNSW+SQ,deep-image-96-angular_train.fvecs_HNSWSQ_8,deep-image-96-angular_train.fvecs_HNSWSQ_8.bin,Quantized Vector Codes,959040000,0.893176,2400316446,9990000,96,""
deep-image-96-angular,HNSW+SQ,deep-image-96-angular_train.fvecs_HNSWSQ_8,deep-image-96-angular_train.fvecs_HNSWSQ_8.bin,Graph Structure,1321395392,1.230645,2400316446,9990000,96,"Faiss HNSW neighbors array"
deep-image-96-angular,HNSW+SQ,deep-image-96-angular_train.fvecs_HNSWSQ_8,deep-image-96-angular_train.fvecs_HNSWSQ_8.bin,Original Metadata,119880124,0.111647,2400316446,9990000,96,"Faiss HNSW levels, offsets, probabilities, and scalar fields"
deep-image-96-angular,HNSW+SQ,deep-image-96-angular_train.fvecs_HNSWSQ_8,deep-image-96-angular_train.fvecs_HNSWSQ_8.bin,Quantizer Codebook,804,0.000001,2400316446,9990000,96,"PQ centroids or SQ trained ranges"
deep-image-96-angular,HNSW+SQ,deep-image-96-angular_train.fvecs_HNSWSQ_8,deep-image-96-angular_train.fvecs_HNSWSQ_8.bin,Original Metadata,126,0.000000,2400316446,9990000,96,"serialized headers and small fields"
deep-image-96-angular,LVC,ALP,deep-image-96-angular_train.fvecs_hnswalp_simplified_pq.bin,Vector Payloads,1640996424,1.528297,2970562533,9990000,96,"compressed scaling-based payloads"
deep-image-96-angular,LVC,ALP,deep-image-96-angular_train.fvecs_hnswalp_simplified_pq.bin,Graph Structure,1001395968,0.932623,2970562533,9990000,96,"compacted level-0 links and upper-level links"
deep-image-96-angular,LVC,ALP,deep-image-96-angular_train.fvecs_hnswalp_simplified_pq.bin,Original Metadata,79920000,0.074431,2970562533,9990000,96,"labels"
deep-image-96-angular,LVC,ALP,deep-image-96-angular_train.fvecs_hnswalp_simplified_pq.bin,Compression Metadata,89910000,0.083735,2970562533,9990000,96,"level0 start positions and uncompressed mask"
deep-image-96-angular,LVC,ALP,deep-image-96-angular_train.fvecs_hnswalp_simplified_pq.bin,Lightweight Codebook,119978304,0.111739,2970562533,9990000,96,"two-level filtering PQ data and centroids"
deep-image-96-angular,LVC,ALP,deep-image-96-angular_train.fvecs_hnswalp_simplified_pq.bin,Cache,38361600,0.035727,2970562533,9990000,96,"uncompressed vectors stored in the compacted index"
deep-image-96-angular,LVC,ALP,deep-image-96-angular_train.fvecs_hnswalp_simplified_pq.bin,Original Metadata,237,0.000000,2970562533,9990000,96,"serialized headers and small fields"
fashion-mnist-784-euclidean,HNSW,hnswlib-float,fashion-mnist-784-euclidean_train.fvecs_hnsw_float.bin,Vector Payloads,188160000,0.175238,197063120,60000,784,""
fashion-mnist-784-euclidean,HNSW,hnswlib-float,fashion-mnist-784-euclidean_train.fvecs_hnsw_float.bin,Graph Structure,8423024,0.007845,197063120,60000,784,"level-0 links, upper-level links, and serialized upper-link size fields"
fashion-mnist-784-euclidean,HNSW,hnswlib-float,fashion-mnist-784-euclidean_train.fvecs_hnsw_float.bin,Original Metadata,480000,0.000447,197063120,60000,784,"labels"
fashion-mnist-784-euclidean,HNSW,hnswlib-float,fashion-mnist-784-euclidean_train.fvecs_hnsw_float.bin,Original Metadata,96,0.000000,197063120,60000,784,"serialized headers and small fields"
fashion-mnist-784-euclidean,HNSW+PQ,fashion-mnist-784-euclidean_train.fvecs_HNSWPQ_1,fashion-mnist-784-euclidean_train.fvecs_HNSWPQ_1.bin,Quantized Vector Codes,47040000,0.043809,56500131,60000,784,""
fashion-mnist-784-euclidean,HNSW+PQ,fashion-mnist-784-euclidean_train.fvecs_HNSWPQ_1,fashion-mnist-784-euclidean_train.fvecs_HNSWPQ_1.bin,Graph Structure,7937024,0.007392,56500131,60000,784,"Faiss HNSW neighbors array"
fashion-mnist-784-euclidean,HNSW+PQ,fashion-mnist-784-euclidean_train.fvecs_HNSWPQ_1,fashion-mnist-784-euclidean_train.fvecs_HNSWPQ_1.bin,Original Metadata,720124,0.000671,56500131,60000,784,"Faiss HNSW levels, offsets, probabilities, and scalar fields"
fashion-mnist-784-euclidean,HNSW+PQ,fashion-mnist-784-euclidean_train.fvecs_HNSWPQ_1,fashion-mnist-784-euclidean_train.fvecs_HNSWPQ_1.bin,Quantizer Codebook,802816,0.000748,56500131,60000,784,"PQ centroids or SQ trained ranges"
fashion-mnist-784-euclidean,HNSW+PQ,fashion-mnist-784-euclidean_train.fvecs_HNSWPQ_1,fashion-mnist-784-euclidean_train.fvecs_HNSWPQ_1.bin,Original Metadata,167,0.000000,56500131,60000,784,"serialized headers and small fields"
fashion-mnist-784-euclidean,HNSW+SQ,fashion-mnist-784-euclidean_train.fvecs_HNSWSQ_8,fashion-mnist-784-euclidean_train.fvecs_HNSWSQ_8.bin,Quantized Vector Codes,47040000,0.043809,55703582,60000,784,""
fashion-mnist-784-euclidean,HNSW+SQ,fashion-mnist-784-euclidean_train.fvecs_HNSWSQ_8,fashion-mnist-784-euclidean_train.fvecs_HNSWSQ_8.bin,Graph Structure,7937024,0.007392,55703582,60000,784,"Faiss HNSW neighbors array"
fashion-mnist-784-euclidean,HNSW+SQ,fashion-mnist-784-euclidean_train.fvecs_HNSWSQ_8,fashion-mnist-784-euclidean_train.fvecs_HNSWSQ_8.bin,Original Metadata,720124,0.000671,55703582,60000,784,"Faiss HNSW levels, offsets, probabilities, and scalar fields"
fashion-mnist-784-euclidean,HNSW+SQ,fashion-mnist-784-euclidean_train.fvecs_HNSWSQ_8,fashion-mnist-784-euclidean_train.fvecs_HNSWSQ_8.bin,Quantizer Codebook,6308,0.000006,55703582,60000,784,"PQ centroids or SQ trained ranges"
fashion-mnist-784-euclidean,HNSW+SQ,fashion-mnist-784-euclidean_train.fvecs_HNSWSQ_8,fashion-mnist-784-euclidean_train.fvecs_HNSWSQ_8.bin,Original Metadata,126,0.000000,55703582,60000,784,"serialized headers and small fields"
fashion-mnist-784-euclidean,LVC,ALP,fashion-mnist-784-euclidean_train.fvecs_hnswalp_simplified_pq.bin,Vector Payloads,47163600,0.043925,60776029,60000,784,"compressed scaling-based payloads"
fashion-mnist-784-euclidean,LVC,ALP,fashion-mnist-784-euclidean_train.fvecs_hnswalp_simplified_pq.bin,Graph Structure,4027088,0.003751,60776029,60000,784,"compacted level-0 links and upper-level links"
fashion-mnist-784-euclidean,LVC,ALP,fashion-mnist-784-euclidean_train.fvecs_hnswalp_simplified_pq.bin,Original Metadata,480000,0.000447,60776029,60000,784,"labels"
fashion-mnist-784-euclidean,LVC,ALP,fashion-mnist-784-euclidean_train.fvecs_hnswalp_simplified_pq.bin,Compression Metadata,540000,0.000503,60776029,60000,784,"level0 start positions and uncompressed mask"
fashion-mnist-784-euclidean,LVC,ALP,fashion-mnist-784-euclidean_train.fvecs_hnswalp_simplified_pq.bin,Lightweight Codebook,6682816,0.006224,60776029,60000,784,"two-level filtering PQ data and centroids"
fashion-mnist-784-euclidean,LVC,ALP,fashion-mnist-784-euclidean_train.fvecs_hnswalp_simplified_pq.bin,Cache,1881600,0.001752,60776029,60000,784,"uncompressed vectors stored in the compacted index"
fashion-mnist-784-euclidean,LVC,ALP,fashion-mnist-784-euclidean_train.fvecs_hnswalp_simplified_pq.bin,Original Metadata,925,0.000001,60776029,60000,784,"serialized headers and small fields"
gist-960-euclidean,HNSW,hnswlib-float,gist-960-euclidean_train.fvecs_hnsw_float.bin,Vector Payloads,3840000000,3.576279,3988565208,1000000,960,""
gist-960-euclidean,HNSW,hnswlib-float,gist-960-euclidean_train.fvecs_hnsw_float.bin,Graph Structure,140565112,0.130911,3988565208,1000000,960,"level-0 links, upper-level links, and serialized upper-link size fields"
gist-960-euclidean,HNSW,hnswlib-float,gist-960-euclidean_train.fvecs_hnsw_float.bin,Original Metadata,8000000,0.007451,3988565208,1000000,960,"labels"
gist-960-euclidean,HNSW,hnswlib-float,gist-960-euclidean_train.fvecs_hnsw_float.bin,Original Metadata,96,0.000000,3988565208,1000000,960,"serialized headers and small fields"
gist-960-euclidean,HNSW+PQ,gist-960-euclidean_train.fvecs_HNSWPQ_1,gist-960-euclidean_train.fvecs_HNSWPQ_1.bin,Quantized Vector Codes,960000000,0.894070,1105241443,1000000,960,""
gist-960-euclidean,HNSW+PQ,gist-960-euclidean_train.fvecs_HNSWPQ_1,gist-960-euclidean_train.fvecs_HNSWPQ_1.bin,Graph Structure,132258112,0.123175,1105241443,1000000,960,"Faiss HNSW neighbors array"
gist-960-euclidean,HNSW+PQ,gist-960-euclidean_train.fvecs_HNSWPQ_1,gist-960-euclidean_train.fvecs_HNSWPQ_1.bin,Original Metadata,12000124,0.011176,1105241443,1000000,960,"Faiss HNSW levels, offsets, probabilities, and scalar fields"
gist-960-euclidean,HNSW+PQ,gist-960-euclidean_train.fvecs_HNSWPQ_1,gist-960-euclidean_train.fvecs_HNSWPQ_1.bin,Quantizer Codebook,983040,0.000916,1105241443,1000000,960,"PQ centroids or SQ trained ranges"
gist-960-euclidean,HNSW+PQ,gist-960-euclidean_train.fvecs_HNSWPQ_1,gist-960-euclidean_train.fvecs_HNSWPQ_1.bin,Original Metadata,167,0.000000,1105241443,1000000,960,"serialized headers and small fields"
gist-960-euclidean,HNSW+SQ,gist-960-euclidean_train.fvecs_HNSWSQ_8,gist-960-euclidean_train.fvecs_HNSWSQ_8.bin,Quantized Vector Codes,960000000,0.894070,1104266078,1000000,960,""
gist-960-euclidean,HNSW+SQ,gist-960-euclidean_train.fvecs_HNSWSQ_8,gist-960-euclidean_train.fvecs_HNSWSQ_8.bin,Graph Structure,132258112,0.123175,1104266078,1000000,960,"Faiss HNSW neighbors array"
gist-960-euclidean,HNSW+SQ,gist-960-euclidean_train.fvecs_HNSWSQ_8,gist-960-euclidean_train.fvecs_HNSWSQ_8.bin,Original Metadata,12000124,0.011176,1104266078,1000000,960,"Faiss HNSW levels, offsets, probabilities, and scalar fields"
gist-960-euclidean,HNSW+SQ,gist-960-euclidean_train.fvecs_HNSWSQ_8,gist-960-euclidean_train.fvecs_HNSWSQ_8.bin,Quantizer Codebook,7716,0.000007,1104266078,1000000,960,"PQ centroids or SQ trained ranges"
gist-960-euclidean,HNSW+SQ,gist-960-euclidean_train.fvecs_HNSWSQ_8,gist-960-euclidean_train.fvecs_HNSWSQ_8.bin,Original Metadata,126,0.000000,1104266078,1000000,960,"serialized headers and small fields"
gist-960-euclidean,LVC,ALP,gist-960-euclidean_train.fvecs_hnswalp_simplified_pq.bin,Vector Payloads,1410692040,1.313809,1650247605,1000000,960,"compressed scaling-based payloads"
gist-960-euclidean,LVC,ALP,gist-960-euclidean_train.fvecs_hnswalp_simplified_pq.bin,Graph Structure,63171424,0.058833,1650247605,1000000,960,"compacted level-0 links and upper-level links"
gist-960-euclidean,LVC,ALP,gist-960-euclidean_train.fvecs_hnswalp_simplified_pq.bin,Original Metadata,8000000,0.007451,1650247605,1000000,960,"labels"
gist-960-euclidean,LVC,ALP,gist-960-euclidean_train.fvecs_hnswalp_simplified_pq.bin,Compression Metadata,9000000,0.008382,1650247605,1000000,960,"level0 start positions and uncompressed mask"
gist-960-euclidean,LVC,ALP,gist-960-euclidean_train.fvecs_hnswalp_simplified_pq.bin,Lightweight Codebook,120983040,0.112674,1650247605,1000000,960,"two-level filtering PQ data and centroids"
gist-960-euclidean,LVC,ALP,gist-960-euclidean_train.fvecs_hnswalp_simplified_pq.bin,Cache,38400000,0.035763,1650247605,1000000,960,"uncompressed vectors stored in the compacted index"
gist-960-euclidean,LVC,ALP,gist-960-euclidean_train.fvecs_hnswalp_simplified_pq.bin,Original Metadata,1101,0.000001,1650247605,1000000,960,"serialized headers and small fields"
mnist-784-euclidean,HNSW,hnswlib-float,mnist-784-euclidean_train.fvecs_hnsw_float.bin,Vector Payloads,188160000,0.175238,197063120,60000,784,""
mnist-784-euclidean,HNSW,hnswlib-float,mnist-784-euclidean_train.fvecs_hnsw_float.bin,Graph Structure,8423024,0.007845,197063120,60000,784,"level-0 links, upper-level links, and serialized upper-link size fields"
mnist-784-euclidean,HNSW,hnswlib-float,mnist-784-euclidean_train.fvecs_hnsw_float.bin,Original Metadata,480000,0.000447,197063120,60000,784,"labels"
mnist-784-euclidean,HNSW,hnswlib-float,mnist-784-euclidean_train.fvecs_hnsw_float.bin,Original Metadata,96,0.000000,197063120,60000,784,"serialized headers and small fields"
mnist-784-euclidean,HNSW+PQ,mnist-784-euclidean_train.fvecs_HNSWPQ_1,mnist-784-euclidean_train.fvecs_HNSWPQ_1.bin,Quantized Vector Codes,47040000,0.043809,56500131,60000,784,""
mnist-784-euclidean,HNSW+PQ,mnist-784-euclidean_train.fvecs_HNSWPQ_1,mnist-784-euclidean_train.fvecs_HNSWPQ_1.bin,Graph Structure,7937024,0.007392,56500131,60000,784,"Faiss HNSW neighbors array"
mnist-784-euclidean,HNSW+PQ,mnist-784-euclidean_train.fvecs_HNSWPQ_1,mnist-784-euclidean_train.fvecs_HNSWPQ_1.bin,Original Metadata,720124,0.000671,56500131,60000,784,"Faiss HNSW levels, offsets, probabilities, and scalar fields"
mnist-784-euclidean,HNSW+PQ,mnist-784-euclidean_train.fvecs_HNSWPQ_1,mnist-784-euclidean_train.fvecs_HNSWPQ_1.bin,Quantizer Codebook,802816,0.000748,56500131,60000,784,"PQ centroids or SQ trained ranges"
mnist-784-euclidean,HNSW+PQ,mnist-784-euclidean_train.fvecs_HNSWPQ_1,mnist-784-euclidean_train.fvecs_HNSWPQ_1.bin,Original Metadata,167,0.000000,56500131,60000,784,"serialized headers and small fields"
mnist-784-euclidean,HNSW+SQ,mnist-784-euclidean_train.fvecs_HNSWSQ_8,mnist-784-euclidean_train.fvecs_HNSWSQ_8.bin,Quantized Vector Codes,47040000,0.043809,55703582,60000,784,""
mnist-784-euclidean,HNSW+SQ,mnist-784-euclidean_train.fvecs_HNSWSQ_8,mnist-784-euclidean_train.fvecs_HNSWSQ_8.bin,Graph Structure,7937024,0.007392,55703582,60000,784,"Faiss HNSW neighbors array"
mnist-784-euclidean,HNSW+SQ,mnist-784-euclidean_train.fvecs_HNSWSQ_8,mnist-784-euclidean_train.fvecs_HNSWSQ_8.bin,Original Metadata,720124,0.000671,55703582,60000,784,"Faiss HNSW levels, offsets, probabilities, and scalar fields"
mnist-784-euclidean,HNSW+SQ,mnist-784-euclidean_train.fvecs_HNSWSQ_8,mnist-784-euclidean_train.fvecs_HNSWSQ_8.bin,Quantizer Codebook,6308,0.000006,55703582,60000,784,"PQ centroids or SQ trained ranges"
mnist-784-euclidean,HNSW+SQ,mnist-784-euclidean_train.fvecs_HNSWSQ_8,mnist-784-euclidean_train.fvecs_HNSWSQ_8.bin,Original Metadata,126,0.000000,55703582,60000,784,"serialized headers and small fields"
mnist-784-euclidean,LVC,DeXOR,mnist-784-euclidean_DeXOR_chunlim_pq.bin,Vector Payloads,30123101,0.028054,43801167,60000,784,"compressed differential payloads"
mnist-784-euclidean,LVC,DeXOR,mnist-784-euclidean_DeXOR_chunlim_pq.bin,Graph Structure,4991512,0.004649,43801167,60000,784,"compacted level-0 links and upper-level links"
mnist-784-euclidean,LVC,DeXOR,mnist-784-euclidean_DeXOR_chunlim_pq.bin,Original Metadata,480000,0.000447,43801167,60000,784,"labels"
mnist-784-euclidean,LVC,DeXOR,mnist-784-euclidean_DeXOR_chunlim_pq.bin,Compression Metadata,720000,0.000671,43801167,60000,784,"level0 start positions and prenode ids"
mnist-784-euclidean,LVC,DeXOR,mnist-784-euclidean_DeXOR_chunlim_pq.bin,Lightweight Codebook,7485632,0.006972,43801167,60000,784,"two-level filtering PQ data and centroids"
mnist-784-euclidean,LVC,DeXOR,mnist-784-euclidean_DeXOR_chunlim_pq.bin,Cache,22596000,0.021044,43801167,60000,784,"runtime 1% root/hub state cache"
mnist-784-euclidean,LVC,DeXOR,mnist-784-euclidean_DeXOR_chunlim_pq.bin,Original Metadata,922,0.000001,43801167,60000,784,"serialized headers and small fields"
sift-128-euclidean,HNSW,hnswlib-float,sift-128-euclidean_train.fvecs_hnsw_float.bin,Vector Payloads,512000000,0.476837,660565208,1000000,128,""
sift-128-euclidean,HNSW,hnswlib-float,sift-128-euclidean_train.fvecs_hnsw_float.bin,Graph Structure,140565112,0.130911,660565208,1000000,128,"level-0 links, upper-level links, and serialized upper-link size fields"
sift-128-euclidean,HNSW,hnswlib-float,sift-128-euclidean_train.fvecs_hnsw_float.bin,Original Metadata,8000000,0.007451,660565208,1000000,128,"labels"
sift-128-euclidean,HNSW,hnswlib-float,sift-128-euclidean_train.fvecs_hnsw_float.bin,Original Metadata,96,0.000000,660565208,1000000,128,"serialized headers and small fields"
sift-128-euclidean,HNSW+PQ,sift-128-euclidean_train.fvecs_HNSWPQ_1,sift-128-euclidean_train.fvecs_HNSWPQ_1.bin,Quantized Vector Codes,128000000,0.119209,272389475,1000000,128,""
sift-128-euclidean,HNSW+PQ,sift-128-euclidean_train.fvecs_HNSWPQ_1,sift-128-euclidean_train.fvecs_HNSWPQ_1.bin,Graph Structure,132258112,0.123175,272389475,1000000,128,"Faiss HNSW neighbors array"
sift-128-euclidean,HNSW+PQ,sift-128-euclidean_train.fvecs_HNSWPQ_1,sift-128-euclidean_train.fvecs_HNSWPQ_1.bin,Original Metadata,12000124,0.011176,272389475,1000000,128,"Faiss HNSW levels, offsets, probabilities, and scalar fields"
sift-128-euclidean,HNSW+PQ,sift-128-euclidean_train.fvecs_HNSWPQ_1,sift-128-euclidean_train.fvecs_HNSWPQ_1.bin,Quantizer Codebook,131072,0.000122,272389475,1000000,128,"PQ centroids or SQ trained ranges"
sift-128-euclidean,HNSW+PQ,sift-128-euclidean_train.fvecs_HNSWPQ_1,sift-128-euclidean_train.fvecs_HNSWPQ_1.bin,Original Metadata,167,0.000000,272389475,1000000,128,"serialized headers and small fields"
sift-128-euclidean,HNSW+SQ,sift-128-euclidean_train.fvecs_HNSWSQ_8,sift-128-euclidean_train.fvecs_HNSWSQ_8.bin,Quantized Vector Codes,128000000,0.119209,272259422,1000000,128,""
sift-128-euclidean,HNSW+SQ,sift-128-euclidean_train.fvecs_HNSWSQ_8,sift-128-euclidean_train.fvecs_HNSWSQ_8.bin,Graph Structure,132258112,0.123175,272259422,1000000,128,"Faiss HNSW neighbors array"
sift-128-euclidean,HNSW+SQ,sift-128-euclidean_train.fvecs_HNSWSQ_8,sift-128-euclidean_train.fvecs_HNSWSQ_8.bin,Original Metadata,12000124,0.011176,272259422,1000000,128,"Faiss HNSW levels, offsets, probabilities, and scalar fields"
sift-128-euclidean,HNSW+SQ,sift-128-euclidean_train.fvecs_HNSWSQ_8,sift-128-euclidean_train.fvecs_HNSWSQ_8.bin,Quantizer Codebook,1060,0.000001,272259422,1000000,128,"PQ centroids or SQ trained ranges"
sift-128-euclidean,HNSW+SQ,sift-128-euclidean_train.fvecs_HNSWSQ_8,sift-128-euclidean_train.fvecs_HNSWSQ_8.bin,Original Metadata,126,0.000000,272259422,1000000,128,"serialized headers and small fields"
sift-128-euclidean,LVC,ALP,sift-128-euclidean_train.fvecs_hnswalp_simplified_pq.bin,Vector Payloads,125741440,0.117106,261229645,1000000,128,"compressed scaling-based payloads"
sift-128-euclidean,LVC,ALP,sift-128-euclidean_train.fvecs_hnswalp_simplified_pq.bin,Graph Structure,97236864,0.090559,261229645,1000000,128,"compacted level-0 links and upper-level links"
sift-128-euclidean,LVC,ALP,sift-128-euclidean_train.fvecs_hnswalp_simplified_pq.bin,Original Metadata,8000000,0.007451,261229645,1000000,128,"labels"
sift-128-euclidean,LVC,ALP,sift-128-euclidean_train.fvecs_hnswalp_simplified_pq.bin,Compression Metadata,9000000,0.008382,261229645,1000000,128,"level0 start positions and uncompressed mask"
sift-128-euclidean,LVC,ALP,sift-128-euclidean_train.fvecs_hnswalp_simplified_pq.bin,Lightweight Codebook,16131072,0.015023,261229645,1000000,128,"two-level filtering PQ data and centroids"
sift-128-euclidean,LVC,ALP,sift-128-euclidean_train.fvecs_hnswalp_simplified_pq.bin,Cache,5120000,0.004768,261229645,1000000,128,"uncompressed vectors stored in the compacted index"
sift-128-euclidean,LVC,ALP,sift-128-euclidean_train.fvecs_hnswalp_simplified_pq.bin,Original Metadata,269,0.000000,261229645,1000000,128,"serialized headers and small fields"
